CREATE DATABASE  IF NOT EXISTS `moocdb_mock` /*!40100 DEFAULT CHARACTER SET latin1 */;
USE `moocdb_mock`;
-- MySQL dump 10.13  Distrib 5.6.12, for Win64 (x86_64)
--
-- Host: 127.0.0.1    Database: moocdb_mock
-- ------------------------------------------------------
-- Server version	5.6.12

/*!40101 SET @OLD_CHARACTER_SET_CLIENT=@@CHARACTER_SET_CLIENT */;
/*!40101 SET @OLD_CHARACTER_SET_RESULTS=@@CHARACTER_SET_RESULTS */;
/*!40101 SET @OLD_COLLATION_CONNECTION=@@COLLATION_CONNECTION */;
/*!40101 SET NAMES utf8 */;
/*!40103 SET @OLD_TIME_ZONE=@@TIME_ZONE */;
/*!40103 SET TIME_ZONE='+00:00' */;
/*!40014 SET @OLD_UNIQUE_CHECKS=@@UNIQUE_CHECKS, UNIQUE_CHECKS=0 */;
/*!40014 SET @OLD_FOREIGN_KEY_CHECKS=@@FOREIGN_KEY_CHECKS, FOREIGN_KEY_CHECKS=0 */;
/*!40101 SET @OLD_SQL_MODE=@@SQL_MODE, SQL_MODE='NO_AUTO_VALUE_ON_ZERO' */;
/*!40111 SET @OLD_SQL_NOTES=@@SQL_NOTES, SQL_NOTES=0 */;

--
-- Table structure for table `answers`
--

DROP TABLE IF EXISTS `answers`;
/*!40101 SET @saved_cs_client     = @@character_set_client */;
/*!40101 SET character_set_client = utf8 */;
CREATE TABLE `answers` (
  `answer_id` int(11) NOT NULL AUTO_INCREMENT,
  `answer_content` text,
  PRIMARY KEY (`answer_id`)
) ENGINE=InnoDB DEFAULT CHARSET=latin1;
/*!40101 SET character_set_client = @saved_cs_client */;

--
-- Dumping data for table `answers`
--

LOCK TABLES `answers` WRITE;
/*!40000 ALTER TABLE `answers` DISABLE KEYS */;
/*!40000 ALTER TABLE `answers` ENABLE KEYS */;
UNLOCK TABLES;

--
-- Table structure for table `assessments`
--

DROP TABLE IF EXISTS `assessments`;
/*!40101 SET @saved_cs_client     = @@character_set_client */;
/*!40101 SET character_set_client = utf8 */;
CREATE TABLE `assessments` (
  `assessment_id` int(11) NOT NULL AUTO_INCREMENT,
  `submission_id` int(11) NOT NULL,
  `assessment_feedback` text,
  `assessment_grade` double DEFAULT NULL,
  `assessment_grader_id` int(11) NOT NULL,
  `assessment_timestamp` datetime DEFAULT NULL,
  PRIMARY KEY (`assessment_id`),
  KEY `submission_idx` (`submission_id`),
  KEY `grader_idx` (`assessment_grader_id`),
  CONSTRAINT `submission` FOREIGN KEY (`submission_id`) REFERENCES `submissions` (`submission_id`) ON DELETE NO ACTION ON UPDATE NO ACTION,
  CONSTRAINT `assesment_grader` FOREIGN KEY (`assessment_grader_id`) REFERENCES `users` (`user_id`) ON DELETE NO ACTION ON UPDATE NO ACTION
) ENGINE=InnoDB AUTO_INCREMENT=101 DEFAULT CHARSET=latin1;
/*!40101 SET character_set_client = @saved_cs_client */;

--
-- Dumping data for table `assessments`
--

LOCK TABLES `assessments` WRITE;
/*!40000 ALTER TABLE `assessments` DISABLE KEYS */;
INSERT INTO `assessments` VALUES (1,2,'a',1,1,'2013-08-29 19:52:07'),(2,6,'a',1,1,'2013-08-29 11:54:52'),(3,7,'a',1,1,'2013-08-29 06:50:09'),(4,8,'a',1,1,'2013-08-29 05:18:17'),(5,13,'a',1,1,'2013-08-29 12:53:06'),(6,14,'a',1,1,'2013-08-28 23:49:30'),(7,15,'a',1,1,'2013-08-28 19:07:02'),(8,18,'a',1,1,'2013-08-29 10:45:27'),(9,21,'a',1,1,'2013-08-29 19:45:02'),(10,22,'a',1,1,'2013-08-29 17:47:36'),(11,23,'a',1,1,'2013-08-29 08:48:26'),(12,26,'a',1,1,'2013-08-28 21:31:29'),(13,29,'a',1,1,'2013-08-28 19:50:57'),(14,34,'a',1,1,'2013-08-28 17:32:29'),(15,37,'a',1,1,'2013-08-29 14:48:22'),(16,38,'a',1,1,'2013-08-29 16:56:31'),(17,40,'a',1,1,'2013-08-29 19:22:59'),(18,43,'a',1,1,'2013-08-28 21:24:13'),(19,44,'a',1,1,'2013-08-29 19:04:16'),(20,45,'a',1,1,'2013-08-28 22:54:12'),(21,51,'a',1,1,'2013-08-28 23:43:40'),(22,52,'a',1,1,'2013-08-29 08:47:52'),(23,53,'a',1,1,'2013-08-28 20:07:13'),(24,58,'a',1,1,'2013-08-29 16:37:55'),(25,59,'a',1,1,'2013-08-29 18:20:08'),(26,66,'a',1,1,'2013-08-29 20:52:26'),(27,67,'a',1,1,'2013-08-29 00:40:32'),(28,72,'a',1,1,'2013-08-29 03:10:53'),(29,73,'a',1,1,'2013-08-29 20:44:57'),(30,74,'a',1,1,'2013-08-29 17:44:18'),(31,75,'a',1,1,'2013-08-29 05:32:07'),(32,77,'a',1,1,'2013-08-29 09:06:29'),(33,78,'a',1,1,'2013-08-29 08:01:35'),(34,79,'a',1,1,'2013-08-29 19:40:36'),(35,81,'a',1,1,'2013-08-28 21:50:26'),(36,84,'a',1,1,'2013-08-29 20:22:31'),(37,85,'a',1,1,'2013-08-29 04:06:48'),(38,87,'a',1,1,'2013-08-28 18:05:16'),(39,89,'a',1,1,'2013-08-29 20:31:26'),(40,90,'a',1,1,'2013-08-29 16:06:50'),(41,91,'a',1,1,'2013-08-28 22:05:22'),(42,92,'a',1,1,'2013-08-29 04:31:50'),(43,93,'a',1,1,'2013-08-29 07:28:32'),(44,95,'a',1,1,'2013-08-29 02:52:40'),(45,98,'a',1,1,'2013-08-28 22:49:55'),(46,101,'a',1,1,'2013-08-29 20:10:24'),(47,102,'a',1,1,'2013-08-29 00:07:46'),(48,103,'a',1,1,'2013-08-29 02:33:04'),(49,104,'a',1,1,'2013-08-29 19:14:15'),(50,105,'a',1,1,'2013-08-29 12:04:11'),(51,106,'a',1,1,'2013-08-29 09:30:21'),(52,110,'a',1,1,'2013-08-29 18:11:20'),(53,111,'a',1,1,'2013-08-29 13:44:27'),(54,112,'a',1,1,'2013-08-28 17:13:43'),(55,113,'a',1,1,'2013-08-29 15:07:24'),(56,114,'a',1,1,'2013-08-29 19:27:59'),(57,115,'a',1,1,'2013-08-29 03:16:34'),(58,116,'a',1,1,'2013-08-29 20:24:24'),(59,117,'a',1,1,'2013-08-29 15:44:28'),(60,118,'a',1,1,'2013-08-28 20:34:38'),(61,119,'a',1,1,'2013-08-28 22:05:13'),(62,120,'a',1,1,'2013-08-29 07:34:22'),(63,125,'a',1,1,'2013-08-28 18:55:00'),(64,126,'a',1,1,'2013-08-29 14:17:25'),(65,127,'a',1,1,'2013-08-29 10:14:11'),(66,128,'a',1,1,'2013-08-29 15:10:53'),(67,129,'a',1,1,'2013-08-28 20:30:41'),(68,136,'a',1,1,'2013-08-28 23:26:15'),(69,137,'a',1,1,'2013-08-29 14:31:21'),(70,138,'a',1,1,'2013-08-28 21:50:08'),(71,145,'a',1,1,'2013-08-29 08:02:07'),(72,146,'a',1,1,'2013-08-28 21:59:01'),(73,147,'a',1,1,'2013-08-29 00:27:32'),(74,152,'a',1,1,'2013-08-29 15:12:46'),(75,153,'a',1,1,'2013-08-28 22:13:25'),(76,154,'a',1,1,'2013-08-29 07:54:17'),(77,155,'a',1,1,'2013-08-28 20:10:00'),(78,161,'a',1,1,'2013-08-29 19:32:36'),(79,162,'a',1,1,'2013-08-29 04:58:29'),(80,163,'a',1,1,'2013-08-29 00:53:30'),(81,164,'a',1,1,'2013-08-28 20:24:10'),(82,167,'a',1,1,'2013-08-29 13:59:09'),(83,168,'a',1,1,'2013-08-29 04:15:26'),(84,169,'a',1,1,'2013-08-29 13:58:33'),(85,173,'a',1,1,'2013-08-29 08:25:15'),(86,176,'a',1,1,'2013-08-29 07:02:45'),(87,177,'a',1,1,'2013-08-29 16:50:11'),(88,179,'a',1,1,'2013-08-29 14:21:29'),(89,180,'a',1,1,'2013-08-29 00:22:21'),(90,183,'a',1,1,'2013-08-28 17:26:07'),(91,185,'a',1,1,'2013-08-29 00:42:21'),(92,188,'a',1,1,'2013-08-29 02:18:54'),(93,190,'a',1,1,'2013-08-29 16:19:35'),(94,191,'a',1,1,'2013-08-28 22:13:26'),(95,196,'a',1,1,'2013-08-29 04:33:51'),(96,197,'a',1,1,'2013-08-29 07:14:30'),(97,200,'a',1,1,'2013-08-29 01:36:23'),(98,204,'a',1,1,'2013-08-28 17:10:35'),(99,205,'a',1,1,'2013-08-28 19:42:38'),(100,208,'a',1,1,'2013-08-29 05:53:34');
/*!40000 ALTER TABLE `assessments` ENABLE KEYS */;
UNLOCK TABLES;

--
-- Table structure for table `collaboration_types`
--

DROP TABLE IF EXISTS `collaboration_types`;
/*!40101 SET @saved_cs_client     = @@character_set_client */;
/*!40101 SET character_set_client = utf8 */;
CREATE TABLE `collaboration_types` (
  `collaboration_type_id` int(11) NOT NULL,
  `collaboration_type_name` varchar(45) NOT NULL,
  PRIMARY KEY (`collaboration_type_id`)
) ENGINE=InnoDB DEFAULT CHARSET=latin1;
/*!40101 SET character_set_client = @saved_cs_client */;

--
-- Dumping data for table `collaboration_types`
--

LOCK TABLES `collaboration_types` WRITE;
/*!40000 ALTER TABLE `collaboration_types` DISABLE KEYS */;
/*!40000 ALTER TABLE `collaboration_types` ENABLE KEYS */;
UNLOCK TABLES;

--
-- Table structure for table `collaborations`
--

DROP TABLE IF EXISTS `collaborations`;
/*!40101 SET @saved_cs_client     = @@character_set_client */;
/*!40101 SET character_set_client = utf8 */;
CREATE TABLE `collaborations` (
  `collaboration_id` int(11) NOT NULL AUTO_INCREMENT,
  `user_id` int(11) NOT NULL,
  `collaboration_type_id` int(11) NOT NULL,
  `collaboration_content` text NOT NULL,
  `collaboration_timestamp` datetime NOT NULL,
  `collaboration_parent_id` int(11) DEFAULT NULL,
  `collaborations_ip` int(11) DEFAULT NULL,
  `collaborations_os` int(11) DEFAULT NULL,
  `collaborations_agent` int(11) DEFAULT NULL,
  PRIMARY KEY (`collaboration_id`),
  KEY `user_id_idx` (`user_id`),
  KEY `action_idx` (`collaboration_type_id`),
  KEY `parent_idx` (`collaboration_parent_id`),
  CONSTRAINT `user_id` FOREIGN KEY (`user_id`) REFERENCES `users` (`user_id`) ON DELETE NO ACTION ON UPDATE NO ACTION,
  CONSTRAINT `action` FOREIGN KEY (`collaboration_type_id`) REFERENCES `collaboration_types` (`collaboration_type_id`) ON DELETE NO ACTION ON UPDATE NO ACTION,
  CONSTRAINT `collaboration_parent` FOREIGN KEY (`collaboration_parent_id`) REFERENCES `collaborations` (`collaboration_id`) ON DELETE NO ACTION ON UPDATE NO ACTION
) ENGINE=InnoDB AUTO_INCREMENT=101 DEFAULT CHARSET=latin1;
/*!40101 SET character_set_client = @saved_cs_client */;

--
-- Dumping data for table `collaborations`
--

LOCK TABLES `collaborations` WRITE;
/*!40000 ALTER TABLE `collaborations` DISABLE KEYS */;
INSERT INTO `collaborations` VALUES (1,99,0,'blabla this is my post','2013-08-28 19:12:32',1,NULL,NULL,NULL),(2,29,0,'blabla this is my post','2013-08-29 02:26:29',1,NULL,NULL,NULL),(3,49,0,'blabla this is my post','2013-08-29 05:40:19',1,NULL,NULL,NULL),(4,57,0,'blabla this is my post','2013-08-29 00:07:37',1,NULL,NULL,NULL),(5,37,0,'blabla this is my post','2013-08-29 18:15:56',1,NULL,NULL,NULL),(6,12,0,'blabla this is my post','2013-08-29 14:28:59',1,NULL,NULL,NULL),(7,50,0,'blabla this is my post','2013-08-28 20:42:36',1,NULL,NULL,NULL),(8,12,0,'blabla this is my post','2013-08-29 02:31:31',1,NULL,NULL,NULL),(9,9,0,'blabla this is my post','2013-08-29 01:35:18',1,NULL,NULL,NULL),(10,10,0,'blabla this is my post','2013-08-29 07:14:05',1,NULL,NULL,NULL),(11,24,0,'blabla this is my post','2013-08-29 10:30:01',1,NULL,NULL,NULL),(12,87,0,'blabla this is my post','2013-08-29 09:53:19',1,NULL,NULL,NULL),(13,65,0,'blabla this is my post','2013-08-28 21:02:02',1,NULL,NULL,NULL),(14,63,0,'blabla this is my post','2013-08-29 17:55:44',1,NULL,NULL,NULL),(15,17,0,'blabla this is my post','2013-08-28 18:18:03',1,NULL,NULL,NULL),(16,99,0,'blabla this is my post','2013-08-29 07:55:13',1,NULL,NULL,NULL),(17,42,0,'blabla this is my post','2013-08-29 08:00:44',1,NULL,NULL,NULL),(18,13,0,'blabla this is my post','2013-08-28 19:23:32',1,NULL,NULL,NULL),(19,40,0,'blabla this is my post','2013-08-29 15:20:55',1,NULL,NULL,NULL),(20,60,0,'blabla this is my post','2013-08-29 14:06:11',1,NULL,NULL,NULL),(21,79,0,'blabla this is my post','2013-08-29 03:33:40',1,NULL,NULL,NULL),(22,16,0,'blabla this is my post','2013-08-29 10:08:37',1,NULL,NULL,NULL),(23,42,0,'blabla this is my post','2013-08-29 19:07:35',1,NULL,NULL,NULL),(24,62,0,'blabla this is my post','2013-08-29 16:30:51',1,NULL,NULL,NULL),(25,83,0,'blabla this is my post','2013-08-29 04:17:03',1,NULL,NULL,NULL),(26,30,0,'blabla this is my post','2013-08-29 06:31:28',1,NULL,NULL,NULL),(27,97,0,'blabla this is my post','2013-08-28 22:51:42',1,NULL,NULL,NULL),(28,97,0,'blabla this is my post','2013-08-29 09:22:54',1,NULL,NULL,NULL),(29,94,0,'blabla this is my post','2013-08-29 01:38:16',1,NULL,NULL,NULL),(30,79,0,'blabla this is my post','2013-08-29 14:41:26',1,NULL,NULL,NULL),(31,11,0,'blabla this is my post','2013-08-29 19:51:10',1,NULL,NULL,NULL),(32,18,0,'blabla this is my post','2013-08-29 06:30:22',1,NULL,NULL,NULL),(33,56,0,'blabla this is my post','2013-08-29 07:37:09',1,NULL,NULL,NULL),(34,24,0,'blabla this is my post','2013-08-28 21:40:11',1,NULL,NULL,NULL),(35,55,0,'blabla this is my post','2013-08-29 00:08:15',1,NULL,NULL,NULL),(36,100,0,'blabla this is my post','2013-08-29 14:32:51',1,NULL,NULL,NULL),(37,36,0,'blabla this is my post','2013-08-28 19:51:40',1,NULL,NULL,NULL),(38,80,0,'blabla this is my post','2013-08-28 22:05:15',1,NULL,NULL,NULL),(39,90,0,'blabla this is my post','2013-08-29 09:43:25',1,NULL,NULL,NULL),(40,8,0,'blabla this is my post','2013-08-29 05:40:10',1,NULL,NULL,NULL),(41,73,0,'blabla this is my post','2013-08-29 06:02:44',1,NULL,NULL,NULL),(42,39,0,'blabla this is my post','2013-08-29 20:05:22',1,NULL,NULL,NULL),(43,76,0,'blabla this is my post','2013-08-29 05:50:46',1,NULL,NULL,NULL),(44,63,0,'blabla this is my post','2013-08-29 03:36:33',1,NULL,NULL,NULL),(45,86,0,'blabla this is my post','2013-08-29 07:22:35',1,NULL,NULL,NULL),(46,39,0,'blabla this is my post','2013-08-29 05:08:48',1,NULL,NULL,NULL),(47,38,0,'blabla this is my post','2013-08-29 10:28:24',1,NULL,NULL,NULL),(48,70,0,'blabla this is my post','2013-08-29 16:01:05',1,NULL,NULL,NULL),(49,37,0,'blabla this is my post','2013-08-28 23:59:01',1,NULL,NULL,NULL),(50,76,0,'blabla this is my post','2013-08-29 14:17:21',1,NULL,NULL,NULL),(51,66,0,'blabla this is my post','2013-08-28 19:01:52',1,NULL,NULL,NULL),(52,4,0,'blabla this is my post','2013-08-28 18:42:46',1,NULL,NULL,NULL),(53,20,0,'blabla this is my post','2013-08-28 19:20:22',1,NULL,NULL,NULL),(54,87,0,'blabla this is my post','2013-08-28 23:25:45',1,NULL,NULL,NULL),(55,76,0,'blabla this is my post','2013-08-29 17:59:45',1,NULL,NULL,NULL),(56,16,0,'blabla this is my post','2013-08-29 15:13:40',1,NULL,NULL,NULL),(57,53,0,'blabla this is my post','2013-08-29 01:14:34',1,NULL,NULL,NULL),(58,14,0,'blabla this is my post','2013-08-28 19:10:41',1,NULL,NULL,NULL),(59,13,0,'blabla this is my post','2013-08-29 06:48:30',1,NULL,NULL,NULL),(60,22,0,'blabla this is my post','2013-08-28 23:49:19',1,NULL,NULL,NULL),(61,71,0,'blabla this is my post','2013-08-29 13:19:55',1,NULL,NULL,NULL),(62,86,0,'blabla this is my post','2013-08-29 18:30:26',1,NULL,NULL,NULL),(63,19,0,'blabla this is my post','2013-08-29 03:51:16',1,NULL,NULL,NULL),(64,38,0,'blabla this is my post','2013-08-28 22:23:51',1,NULL,NULL,NULL),(65,30,0,'blabla this is my post','2013-08-29 15:04:14',1,NULL,NULL,NULL),(66,38,0,'blabla this is my post','2013-08-29 03:41:49',1,NULL,NULL,NULL),(67,97,0,'blabla this is my post','2013-08-29 07:55:13',1,NULL,NULL,NULL),(68,71,0,'blabla this is my post','2013-08-29 07:36:07',1,NULL,NULL,NULL),(69,63,0,'blabla this is my post','2013-08-28 17:20:25',1,NULL,NULL,NULL),(70,1,0,'blabla this is my post','2013-08-29 06:19:14',1,NULL,NULL,NULL),(71,15,0,'blabla this is my post','2013-08-29 02:53:43',1,NULL,NULL,NULL),(72,72,0,'blabla this is my post','2013-08-29 02:23:02',1,NULL,NULL,NULL),(73,17,0,'blabla this is my post','2013-08-29 10:06:10',1,NULL,NULL,NULL),(74,65,0,'blabla this is my post','2013-08-28 18:40:33',1,NULL,NULL,NULL),(75,75,0,'blabla this is my post','2013-08-29 05:29:48',1,NULL,NULL,NULL),(76,78,0,'blabla this is my post','2013-08-28 18:46:08',1,NULL,NULL,NULL),(77,66,0,'blabla this is my post','2013-08-29 19:46:44',1,NULL,NULL,NULL),(78,94,0,'blabla this is my post','2013-08-29 10:20:47',1,NULL,NULL,NULL),(79,70,0,'blabla this is my post','2013-08-28 23:15:50',1,NULL,NULL,NULL),(80,70,0,'blabla this is my post','2013-08-28 23:55:42',1,NULL,NULL,NULL),(81,40,0,'blabla this is my post','2013-08-29 08:43:08',1,NULL,NULL,NULL),(82,89,0,'blabla this is my post','2013-08-28 19:07:22',1,NULL,NULL,NULL),(83,25,0,'blabla this is my post','2013-08-29 11:52:55',1,NULL,NULL,NULL),(84,58,0,'blabla this is my post','2013-08-28 21:34:41',1,NULL,NULL,NULL),(85,13,0,'blabla this is my post','2013-08-29 14:40:09',1,NULL,NULL,NULL),(86,91,0,'blabla this is my post','2013-08-29 04:08:50',1,NULL,NULL,NULL),(87,16,0,'blabla this is my post','2013-08-29 11:22:32',1,NULL,NULL,NULL),(88,7,0,'blabla this is my post','2013-08-28 19:44:59',1,NULL,NULL,NULL),(89,87,0,'blabla this is my post','2013-08-29 07:02:50',1,NULL,NULL,NULL),(90,11,0,'blabla this is my post','2013-08-28 23:18:00',1,NULL,NULL,NULL),(91,96,0,'blabla this is my post','2013-08-29 10:00:22',1,NULL,NULL,NULL),(92,44,0,'blabla this is my post','2013-08-29 03:26:41',1,NULL,NULL,NULL),(93,31,0,'blabla this is my post','2013-08-28 18:04:26',1,NULL,NULL,NULL),(94,22,0,'blabla this is my post','2013-08-28 18:40:57',1,NULL,NULL,NULL),(95,16,0,'blabla this is my post','2013-08-28 22:03:35',1,NULL,NULL,NULL),(96,14,0,'blabla this is my post','2013-08-29 13:07:13',1,NULL,NULL,NULL),(97,23,0,'blabla this is my post','2013-08-28 18:57:30',1,NULL,NULL,NULL),(98,72,0,'blabla this is my post','2013-08-28 21:51:21',1,NULL,NULL,NULL),(99,90,0,'blabla this is my post','2013-08-29 11:16:26',1,NULL,NULL,NULL),(100,33,0,'blabla this is my post','2013-08-29 14:06:54',1,NULL,NULL,NULL);
/*!40000 ALTER TABLE `collaborations` ENABLE KEYS */;
UNLOCK TABLES;

--
-- Table structure for table `feedbacks`
--

DROP TABLE IF EXISTS `feedbacks`;
/*!40101 SET @saved_cs_client     = @@character_set_client */;
/*!40101 SET character_set_client = utf8 */;
CREATE TABLE `feedbacks` (
  `feedback_id` int(11) NOT NULL AUTO_INCREMENT,
  `user_id` int(11) NOT NULL,
  `answer_id` int(11) NOT NULL,
  `question_id` int(11) NOT NULL,
  `feedback_timestamp` datetime DEFAULT NULL,
  PRIMARY KEY (`feedback_id`),
  KEY `user_fk_idx` (`user_id`),
  KEY `question_fk_idx` (`question_id`),
  KEY `answer_fk_idx` (`answer_id`),
  CONSTRAINT `user_fk` FOREIGN KEY (`user_id`) REFERENCES `users` (`user_id`) ON DELETE NO ACTION ON UPDATE NO ACTION,
  CONSTRAINT `question_fk` FOREIGN KEY (`question_id`) REFERENCES `questions` (`question_id`) ON DELETE NO ACTION ON UPDATE NO ACTION,
  CONSTRAINT `answer_fk` FOREIGN KEY (`answer_id`) REFERENCES `answers` (`answer_id`) ON DELETE NO ACTION ON UPDATE NO ACTION
) ENGINE=InnoDB DEFAULT CHARSET=latin1;
/*!40101 SET character_set_client = @saved_cs_client */;

--
-- Dumping data for table `feedbacks`
--

LOCK TABLES `feedbacks` WRITE;
/*!40000 ALTER TABLE `feedbacks` DISABLE KEYS */;
/*!40000 ALTER TABLE `feedbacks` ENABLE KEYS */;
UNLOCK TABLES;

--
-- Table structure for table `observed_events`
--

DROP TABLE IF EXISTS `observed_events`;
/*!40101 SET @saved_cs_client     = @@character_set_client */;
/*!40101 SET character_set_client = utf8 */;
CREATE TABLE `observed_events` (
  `observed_event_id` int(11) NOT NULL AUTO_INCREMENT,
  `user_id` int(11) NOT NULL,
  `resource_id` int(11) NOT NULL,
  `observed_event_timestamp` datetime NOT NULL,
  `observed_event_duration` int(11) DEFAULT NULL,
  `observed_event_ip` int(11) DEFAULT NULL,
  `observed_event_os` int(11) DEFAULT NULL,
  `observed_event_agent` int(11) DEFAULT NULL,
  PRIMARY KEY (`observed_event_id`),
  KEY `user_idx` (`user_id`),
  KEY `resource_passive_idx` (`resource_id`),
  CONSTRAINT `resource_passive` FOREIGN KEY (`resource_id`) REFERENCES `resources` (`resource_id`) ON DELETE NO ACTION ON UPDATE NO ACTION,
  CONSTRAINT `user_passive` FOREIGN KEY (`user_id`) REFERENCES `users` (`user_id`) ON DELETE NO ACTION ON UPDATE NO ACTION
) ENGINE=InnoDB AUTO_INCREMENT=201 DEFAULT CHARSET=latin1;
/*!40101 SET character_set_client = @saved_cs_client */;

--
-- Dumping data for table `observed_events`
--

LOCK TABLES `observed_events` WRITE;
/*!40000 ALTER TABLE `observed_events` DISABLE KEYS */;
INSERT INTO `observed_events` VALUES (1,26,19,'2013-08-29 11:54:31',188,2147483647,NULL,NULL),(2,37,14,'2013-08-29 18:38:07',26,2147483647,NULL,NULL),(3,7,11,'2013-08-29 08:45:52',365,2147483647,NULL,NULL),(4,24,11,'2013-08-28 18:47:08',148,2147483647,NULL,NULL),(5,96,25,'2013-08-29 10:03:36',44,2147483647,NULL,NULL),(6,9,13,'2013-08-29 17:15:25',177,2147483647,NULL,NULL),(7,54,17,'2013-08-29 07:25:09',351,2147483647,NULL,NULL),(8,45,22,'2013-08-29 19:58:19',22,2147483647,NULL,NULL),(9,63,6,'2013-08-29 01:08:18',257,2147483647,NULL,NULL),(10,80,15,'2013-08-29 08:12:03',19,2147483647,NULL,NULL),(11,11,4,'2013-08-29 16:40:54',124,2147483647,NULL,NULL),(12,13,2,'2013-08-29 10:07:09',162,2147483647,NULL,NULL),(13,31,24,'2013-08-29 07:25:13',39,2147483647,NULL,NULL),(14,15,10,'2013-08-29 13:36:50',107,2147483647,NULL,NULL),(15,80,5,'2013-08-28 21:07:21',16,2147483647,NULL,NULL),(16,57,19,'2013-08-29 07:11:47',160,2147483647,NULL,NULL),(17,43,3,'2013-08-28 19:55:41',350,2147483647,NULL,NULL),(18,44,10,'2013-08-29 20:28:37',72,2147483647,NULL,NULL),(19,93,13,'2013-08-29 10:21:30',109,2147483647,NULL,NULL),(20,29,10,'2013-08-28 21:13:49',329,2147483647,NULL,NULL),(21,67,13,'2013-08-29 17:30:07',117,2147483647,NULL,NULL),(22,49,6,'2013-08-29 19:21:20',396,2147483647,NULL,NULL),(23,41,16,'2013-08-28 19:35:09',30,2147483647,NULL,NULL),(24,57,13,'2013-08-29 10:03:53',163,2147483647,NULL,NULL),(25,61,18,'2013-08-29 14:52:49',322,2147483647,NULL,NULL),(26,33,24,'2013-08-28 19:31:16',321,2147483647,NULL,NULL),(27,83,15,'2013-08-28 19:23:24',240,2147483647,NULL,NULL),(28,17,3,'2013-08-28 21:15:22',235,2147483647,NULL,NULL),(29,35,20,'2013-08-29 06:58:50',56,2147483647,NULL,NULL),(30,23,16,'2013-08-28 18:26:54',375,2147483647,NULL,NULL),(31,10,19,'2013-08-29 13:43:30',107,2147483647,NULL,NULL),(32,78,23,'2013-08-29 08:48:58',210,2147483647,NULL,NULL),(33,63,7,'2013-08-29 09:46:33',329,2147483647,NULL,NULL),(34,79,15,'2013-08-29 01:31:18',214,2147483647,NULL,NULL),(35,5,6,'2013-08-29 12:55:44',81,2147483647,NULL,NULL),(36,89,6,'2013-08-29 11:23:36',163,2147483647,NULL,NULL),(37,29,14,'2013-08-28 21:16:20',172,2147483647,NULL,NULL),(38,76,1,'2013-08-29 14:36:20',369,2147483647,NULL,NULL),(39,92,11,'2013-08-29 04:44:53',129,2147483647,NULL,NULL),(40,32,2,'2013-08-29 14:34:14',337,2147483647,NULL,NULL),(41,82,3,'2013-08-29 09:55:22',98,2147483647,NULL,NULL),(42,16,9,'2013-08-29 12:46:18',281,2147483647,NULL,NULL),(43,32,9,'2013-08-29 13:10:57',307,2147483647,NULL,NULL),(44,12,18,'2013-08-29 06:41:18',293,2147483647,NULL,NULL),(45,62,12,'2013-08-29 00:45:50',142,2147483647,NULL,NULL),(46,76,5,'2013-08-29 18:24:09',231,2147483647,NULL,NULL),(47,91,14,'2013-08-29 13:15:24',327,2147483647,NULL,NULL),(48,26,3,'2013-08-29 17:56:44',143,2147483647,NULL,NULL),(49,56,25,'2013-08-29 01:16:16',132,2147483647,NULL,NULL),(50,4,14,'2013-08-29 14:56:42',232,2147483647,NULL,NULL),(51,50,21,'2013-08-28 18:26:50',365,2147483647,NULL,NULL),(52,39,13,'2013-08-29 17:36:15',327,2147483647,NULL,NULL),(53,42,2,'2013-08-29 00:26:17',141,2147483647,NULL,NULL),(54,95,20,'2013-08-29 11:48:10',125,2147483647,NULL,NULL),(55,50,16,'2013-08-29 09:00:51',198,2147483647,NULL,NULL),(56,61,21,'2013-08-29 16:31:52',217,2147483647,NULL,NULL),(57,57,8,'2013-08-29 06:55:41',88,2147483647,NULL,NULL),(58,99,25,'2013-08-29 19:41:37',191,2147483647,NULL,NULL),(59,26,24,'2013-08-29 01:13:15',289,2147483647,NULL,NULL),(60,31,21,'2013-08-29 09:26:52',71,2147483647,NULL,NULL),(61,77,9,'2013-08-28 18:53:28',286,2147483647,NULL,NULL),(62,90,6,'2013-08-29 08:32:12',20,2147483647,NULL,NULL),(63,20,3,'2013-08-29 09:19:26',39,2147483647,NULL,NULL),(64,30,22,'2013-08-29 00:06:05',136,2147483647,NULL,NULL),(65,89,23,'2013-08-29 07:10:56',161,2147483647,NULL,NULL),(66,52,23,'2013-08-29 14:41:58',397,2147483647,NULL,NULL),(67,96,20,'2013-08-29 03:15:53',300,2147483647,NULL,NULL),(68,20,9,'2013-08-29 06:52:20',309,2147483647,NULL,NULL),(69,15,6,'2013-08-29 03:39:33',245,2147483647,NULL,NULL),(70,14,3,'2013-08-29 04:32:57',298,2147483647,NULL,NULL),(71,24,22,'2013-08-29 18:38:13',355,2147483647,NULL,NULL),(72,75,2,'2013-08-29 03:04:25',79,2147483647,NULL,NULL),(73,6,18,'2013-08-28 18:06:19',130,2147483647,NULL,NULL),(74,2,10,'2013-08-28 19:57:07',14,2147483647,NULL,NULL),(75,93,20,'2013-08-29 04:18:51',80,2147483647,NULL,NULL),(76,58,19,'2013-08-29 12:48:24',355,2147483647,NULL,NULL),(77,11,10,'2013-08-29 02:24:17',334,2147483647,NULL,NULL),(78,81,18,'2013-08-29 08:15:04',203,2147483647,NULL,NULL),(79,70,8,'2013-08-29 13:07:58',16,2147483647,NULL,NULL),(80,6,13,'2013-08-29 20:00:10',271,2147483647,NULL,NULL),(81,21,14,'2013-08-29 11:55:44',105,2147483647,NULL,NULL),(82,85,5,'2013-08-29 06:30:24',111,2147483647,NULL,NULL),(83,62,9,'2013-08-29 03:36:57',238,2147483647,NULL,NULL),(84,56,3,'2013-08-29 05:25:44',59,2147483647,NULL,NULL),(85,91,14,'2013-08-28 19:23:20',380,2147483647,NULL,NULL),(86,86,11,'2013-08-28 19:18:19',122,2147483647,NULL,NULL),(87,56,13,'2013-08-28 21:13:46',268,2147483647,NULL,NULL),(88,24,4,'2013-08-29 07:06:01',176,2147483647,NULL,NULL),(89,49,7,'2013-08-28 19:07:40',73,2147483647,NULL,NULL),(90,75,21,'2013-08-29 16:45:47',238,2147483647,NULL,NULL),(91,28,11,'2013-08-28 18:11:25',172,2147483647,NULL,NULL),(92,12,15,'2013-08-29 10:51:53',145,2147483647,NULL,NULL),(93,78,16,'2013-08-28 19:17:24',208,2147483647,NULL,NULL),(94,54,10,'2013-08-29 06:16:49',203,2147483647,NULL,NULL),(95,34,3,'2013-08-28 20:50:43',392,2147483647,NULL,NULL),(96,6,6,'2013-08-29 00:02:01',150,2147483647,NULL,NULL),(97,29,24,'2013-08-29 16:30:06',372,2147483647,NULL,NULL),(98,26,2,'2013-08-29 05:56:38',210,2147483647,NULL,NULL),(99,44,9,'2013-08-29 14:51:41',334,2147483647,NULL,NULL),(100,42,16,'2013-08-29 07:47:20',241,2147483647,NULL,NULL),(101,77,1,'2013-08-29 01:13:50',200,2147483647,NULL,NULL),(102,58,7,'2013-08-29 17:25:58',277,2147483647,NULL,NULL),(103,58,7,'2013-08-29 07:00:32',386,2147483647,NULL,NULL),(104,17,13,'2013-08-29 17:23:37',298,2147483647,NULL,NULL),(105,8,18,'2013-08-29 17:15:20',330,2147483647,NULL,NULL),(106,91,24,'2013-08-29 13:11:17',358,2147483647,NULL,NULL),(107,32,18,'2013-08-28 17:15:58',398,2147483647,NULL,NULL),(108,83,18,'2013-08-29 16:58:10',114,2147483647,NULL,NULL),(109,19,8,'2013-08-29 00:48:24',177,2147483647,NULL,NULL),(110,48,10,'2013-08-29 15:33:03',142,2147483647,NULL,NULL),(111,81,3,'2013-08-28 22:52:14',179,2147483647,NULL,NULL),(112,61,10,'2013-08-29 10:07:32',70,2147483647,NULL,NULL),(113,60,17,'2013-08-29 05:19:47',209,2147483647,NULL,NULL),(114,19,1,'2013-08-29 03:08:29',38,2147483647,NULL,NULL),(115,15,5,'2013-08-29 06:35:16',361,2147483647,NULL,NULL),(116,17,22,'2013-08-29 02:36:24',92,2147483647,NULL,NULL),(117,40,21,'2013-08-29 00:08:22',175,2147483647,NULL,NULL),(118,47,11,'2013-08-28 23:44:48',198,2147483647,NULL,NULL),(119,17,17,'2013-08-29 05:11:05',67,2147483647,NULL,NULL),(120,42,1,'2013-08-29 05:46:30',140,2147483647,NULL,NULL),(121,58,3,'2013-08-29 20:11:24',98,2147483647,NULL,NULL),(122,64,13,'2013-08-29 07:09:44',67,2147483647,NULL,NULL),(123,47,4,'2013-08-29 09:53:17',44,2147483647,NULL,NULL),(124,43,4,'2013-08-29 07:02:45',17,2147483647,NULL,NULL),(125,72,10,'2013-08-29 12:26:02',352,2147483647,NULL,NULL),(126,31,11,'2013-08-29 20:07:25',110,2147483647,NULL,NULL),(127,36,2,'2013-08-29 14:37:52',291,2147483647,NULL,NULL),(128,90,23,'2013-08-29 19:39:15',324,2147483647,NULL,NULL),(129,41,10,'2013-08-29 05:41:31',350,2147483647,NULL,NULL),(130,35,7,'2013-08-29 04:08:38',375,2147483647,NULL,NULL),(131,52,2,'2013-08-29 10:30:49',25,2147483647,NULL,NULL),(132,54,14,'2013-08-29 19:13:42',198,2147483647,NULL,NULL),(133,12,12,'2013-08-29 15:54:52',115,2147483647,NULL,NULL),(134,98,18,'2013-08-29 00:58:46',381,2147483647,NULL,NULL),(135,52,6,'2013-08-29 19:34:45',361,2147483647,NULL,NULL),(136,67,23,'2013-08-29 18:29:38',259,2147483647,NULL,NULL),(137,79,22,'2013-08-29 12:49:26',214,2147483647,NULL,NULL),(138,94,15,'2013-08-29 15:30:26',291,2147483647,NULL,NULL),(139,30,9,'2013-08-29 18:09:22',12,2147483647,NULL,NULL),(140,69,1,'2013-08-28 19:34:22',386,2147483647,NULL,NULL),(141,54,3,'2013-08-29 13:35:53',295,2147483647,NULL,NULL),(142,64,9,'2013-08-29 04:48:31',315,2147483647,NULL,NULL),(143,57,13,'2013-08-29 17:53:47',291,2147483647,NULL,NULL),(144,92,11,'2013-08-28 22:35:32',108,2147483647,NULL,NULL),(145,89,16,'2013-08-29 01:41:49',67,2147483647,NULL,NULL),(146,68,20,'2013-08-29 19:34:38',11,2147483647,NULL,NULL),(147,72,4,'2013-08-29 16:19:55',252,2147483647,NULL,NULL),(148,55,7,'2013-08-29 02:01:11',27,2147483647,NULL,NULL),(149,61,25,'2013-08-28 19:45:01',178,2147483647,NULL,NULL),(150,39,4,'2013-08-29 07:20:22',10,2147483647,NULL,NULL),(151,10,17,'2013-08-29 00:45:39',316,2147483647,NULL,NULL),(152,34,23,'2013-08-29 16:26:00',350,2147483647,NULL,NULL),(153,39,15,'2013-08-29 03:25:11',399,2147483647,NULL,NULL),(154,92,7,'2013-08-29 02:26:48',147,2147483647,NULL,NULL),(155,43,12,'2013-08-29 08:50:36',336,2147483647,NULL,NULL),(156,39,14,'2013-08-29 15:58:06',40,2147483647,NULL,NULL),(157,67,10,'2013-08-29 04:37:33',392,2147483647,NULL,NULL),(158,16,7,'2013-08-29 09:52:18',239,2147483647,NULL,NULL),(159,80,5,'2013-08-29 14:34:20',16,2147483647,NULL,NULL),(160,51,4,'2013-08-28 18:33:38',166,2147483647,NULL,NULL),(161,12,6,'2013-08-29 19:17:19',378,2147483647,NULL,NULL),(162,9,15,'2013-08-29 08:31:13',193,2147483647,NULL,NULL),(163,10,9,'2013-08-29 19:22:57',232,2147483647,NULL,NULL),(164,21,23,'2013-08-28 18:53:19',179,2147483647,NULL,NULL),(165,72,12,'2013-08-29 06:29:52',200,2147483647,NULL,NULL),(166,100,14,'2013-08-28 23:08:16',62,2147483647,NULL,NULL),(167,81,10,'2013-08-29 10:50:33',111,2147483647,NULL,NULL),(168,7,7,'2013-08-29 08:06:49',365,2147483647,NULL,NULL),(169,90,4,'2013-08-29 14:54:36',295,2147483647,NULL,NULL),(170,31,1,'2013-08-29 01:31:22',376,2147483647,NULL,NULL),(171,81,14,'2013-08-28 21:31:53',197,2147483647,NULL,NULL),(172,14,18,'2013-08-29 17:44:10',257,2147483647,NULL,NULL),(173,26,23,'2013-08-29 19:37:20',294,2147483647,NULL,NULL),(174,89,12,'2013-08-28 20:13:04',298,2147483647,NULL,NULL),(175,64,14,'2013-08-29 12:25:27',209,2147483647,NULL,NULL),(176,55,7,'2013-08-28 21:00:13',148,2147483647,NULL,NULL),(177,81,17,'2013-08-29 10:10:17',114,2147483647,NULL,NULL),(178,41,14,'2013-08-29 11:09:35',123,2147483647,NULL,NULL),(179,59,18,'2013-08-29 04:22:35',276,2147483647,NULL,NULL),(180,72,23,'2013-08-28 19:16:19',209,2147483647,NULL,NULL),(181,85,10,'2013-08-28 21:52:44',216,2147483647,NULL,NULL),(182,5,7,'2013-08-29 10:26:50',51,2147483647,NULL,NULL),(183,71,2,'2013-08-29 09:54:49',7,2147483647,NULL,NULL),(184,39,15,'2013-08-28 21:19:06',282,2147483647,NULL,NULL),(185,81,20,'2013-08-29 19:16:33',190,2147483647,NULL,NULL),(186,86,3,'2013-08-29 00:10:58',101,2147483647,NULL,NULL),(187,89,6,'2013-08-29 05:30:44',336,2147483647,NULL,NULL),(188,85,18,'2013-08-29 06:06:13',175,2147483647,NULL,NULL),(189,56,25,'2013-08-29 20:51:03',266,2147483647,NULL,NULL),(190,27,18,'2013-08-29 09:28:48',7,2147483647,NULL,NULL),(191,66,13,'2013-08-29 19:29:43',35,2147483647,NULL,NULL),(192,46,13,'2013-08-29 20:20:59',154,2147483647,NULL,NULL),(193,34,1,'2013-08-28 18:34:38',265,2147483647,NULL,NULL),(194,32,14,'2013-08-29 02:02:24',63,2147483647,NULL,NULL),(195,56,16,'2013-08-29 05:33:35',318,2147483647,NULL,NULL),(196,83,11,'2013-08-29 00:46:14',202,2147483647,NULL,NULL),(197,45,9,'2013-08-28 18:02:36',57,2147483647,NULL,NULL),(198,78,10,'2013-08-29 02:33:06',76,2147483647,NULL,NULL),(199,56,22,'2013-08-29 09:43:15',211,2147483647,NULL,NULL),(200,43,5,'2013-08-29 20:02:29',27,2147483647,NULL,NULL);
/*!40000 ALTER TABLE `observed_events` ENABLE KEYS */;
UNLOCK TABLES;

--
-- Table structure for table `problem_types`
--

DROP TABLE IF EXISTS `problem_types`;
/*!40101 SET @saved_cs_client     = @@character_set_client */;
/*!40101 SET character_set_client = utf8 */;
CREATE TABLE `problem_types` (
  `problem_type_id` int(11) NOT NULL,
  `problem_type_name` varchar(45) NOT NULL,
  PRIMARY KEY (`problem_type_id`)
) ENGINE=InnoDB DEFAULT CHARSET=latin1;
/*!40101 SET character_set_client = @saved_cs_client */;

--
-- Dumping data for table `problem_types`
--

LOCK TABLES `problem_types` WRITE;
/*!40000 ALTER TABLE `problem_types` DISABLE KEYS */;
INSERT INTO `problem_types` VALUES (0,'Unknown'),(1,'Homework'),(2,'Lecture quiz'),(3,'Lab'),(4,'Midterm example'),(5,'Midterm exam'),(6,'Final exam'),(7,'Sandbox');
/*!40000 ALTER TABLE `problem_types` ENABLE KEYS */;
UNLOCK TABLES;

--
-- Table structure for table `problems`
--

DROP TABLE IF EXISTS `problems`;
/*!40101 SET @saved_cs_client     = @@character_set_client */;
/*!40101 SET character_set_client = utf8 */;
CREATE TABLE `problems` (
  `problem_id` int(11) NOT NULL AUTO_INCREMENT,
  `problem_name` varchar(60) NOT NULL,
  `problem_parent_id` int(11) DEFAULT NULL,
  `problem_type_id` int(11) NOT NULL,
  `problem_release_timestamp` datetime DEFAULT NULL,
  `problem_soft_deadline` datetime DEFAULT NULL,
  `problem_hard_deadline` datetime DEFAULT NULL,
  `problem_max_submission` int(11) DEFAULT NULL,
  PRIMARY KEY (`problem_id`),
  KEY `name` (`problem_name`),
  KEY `parent_idx` (`problem_parent_id`),
  KEY `type_idx` (`problem_type_id`),
  CONSTRAINT `parent` FOREIGN KEY (`problem_parent_id`) REFERENCES `problems` (`problem_id`) ON DELETE NO ACTION ON UPDATE NO ACTION,
  CONSTRAINT `type` FOREIGN KEY (`problem_type_id`) REFERENCES `problem_types` (`problem_type_id`) ON DELETE NO ACTION ON UPDATE NO ACTION
) ENGINE=InnoDB AUTO_INCREMENT=101 DEFAULT CHARSET=latin1;
/*!40101 SET character_set_client = @saved_cs_client */;

--
-- Dumping data for table `problems`
--

LOCK TABLES `problems` WRITE;
/*!40000 ALTER TABLE `problems` DISABLE KEYS */;
INSERT INTO `problems` VALUES (1,'filenameL6e2_3_1',NULL,2,NULL,NULL,'2012-04-02 12:59:59',NULL),(2,'filenameImpedances_4_1',NULL,1,NULL,NULL,'2012-05-21 12:59:59',NULL),(3,'filenameL19s11_2_1',NULL,2,NULL,NULL,'2012-05-21 12:59:59',NULL),(4,'filenameL20s9_2_1',NULL,2,NULL,NULL,'2012-05-21 12:59:59',NULL),(5,'filenameL14s11_2_1',NULL,2,NULL,NULL,'2012-04-30 12:59:59',NULL),(6,'filenameLab0_5_1',NULL,3,NULL,NULL,'2012-06-11 12:59:59',NULL),(7,'filenameL26s15HotProcessor_3_1',NULL,2,NULL,NULL,'2012-06-11 12:59:59',NULL),(8,'filenameL2s5e1_2_1',NULL,2,NULL,NULL,'2012-03-19 12:59:59',NULL),(9,'filenameZenerRegulator_6_1',NULL,2,NULL,NULL,'2012-04-09 12:59:59',NULL),(10,'filenameFOSmagang_5_1',NULL,1,NULL,NULL,'2012-05-21 12:59:59',NULL),(11,'filenameL18e3_8_1',NULL,2,NULL,NULL,'2012-05-13 12:59:59',NULL),(12,'filenameL19s16_5_1',NULL,2,NULL,NULL,'2012-05-21 12:59:59',NULL),(13,'filenameLCLnetwork_6_1',NULL,1,NULL,NULL,'2012-05-21 12:59:59',NULL),(14,'filenameNoise_2_1',NULL,6,NULL,NULL,'2012-06-11 12:59:59',NULL),(15,'filenameL2s6t11e1_4_1',NULL,2,NULL,NULL,'2012-03-19 12:59:59',NULL),(16,'filenameL4s15t18e1_4_1',NULL,2,NULL,NULL,'2012-03-26 12:59:59',NULL),(17,'filenameL19s16_7_1',NULL,2,NULL,NULL,'2012-05-21 12:59:59',NULL),(18,'filenameL2s6t11e1_6_1',NULL,2,NULL,NULL,'2012-03-19 12:59:59',NULL),(19,'filenameLab0_7_1',NULL,3,NULL,NULL,'2012-06-11 12:59:59',NULL),(20,'filenameTankCircuit_2_1',NULL,1,NULL,NULL,'2012-05-28 12:59:59',NULL),(21,'filenameL24s3t4_3_1',NULL,2,NULL,NULL,'2012-06-04 12:59:59',NULL),(22,'filenameL24Generalization_2_1',NULL,2,NULL,NULL,'2012-06-04 12:59:59',NULL),(23,'filenameLab0_6_1',NULL,3,NULL,NULL,'2012-06-11 12:59:59',NULL),(24,'filenameL23InvertingAmplifier_3_1',NULL,2,NULL,NULL,'2012-06-04 12:59:59',NULL),(25,'filenameL12s4CapacitorScale_2_1',NULL,2,NULL,NULL,'2012-04-25 12:59:59',NULL),(26,'filenameOpAmpLHPF_3_1',NULL,6,NULL,NULL,'2012-06-11 12:59:59',NULL),(27,'filenamenewfet_3_1',NULL,1,NULL,NULL,'2012-04-25 12:59:59',NULL),(28,'filenameLC_2_1',NULL,2,NULL,NULL,'2012-05-13 12:59:59',NULL),(29,'filenameL20s6_2_1',NULL,2,NULL,NULL,'2012-05-21 12:59:59',NULL),(30,'filenameL2s12t13e1_3_1',NULL,2,NULL,NULL,'2012-03-19 12:59:59',NULL),(31,'filenameStepDown_2_1',NULL,2,NULL,NULL,'2012-05-07 12:59:59',NULL),(32,'filenameZenerRegulator_4_1',NULL,2,NULL,NULL,'2012-04-09 12:59:59',NULL),(33,'filenamesmallsignalampk_3_1',NULL,2,NULL,NULL,'2012-04-16 12:59:59',NULL),(34,'filenameScopeProbe1_2_1',NULL,6,NULL,NULL,'2012-06-11 12:59:59',NULL),(35,'filenameL21s7_3_1',NULL,2,NULL,NULL,'2012-05-28 12:59:59',NULL),(36,'filenameScopeProbe1_5_1',NULL,6,NULL,NULL,'2012-06-11 12:59:59',NULL),(37,'filenameHW3ID1_3_1',NULL,1,NULL,NULL,'2012-04-02 12:59:59',NULL),(38,'filenameZenerRegulator_9_1',NULL,2,NULL,NULL,'2012-04-09 12:59:59',NULL),(39,'filenameSourceFollower1_8_1',NULL,2,NULL,NULL,'2012-04-16 12:59:59',NULL),(40,'filenameBJT_9_1',NULL,6,NULL,NULL,'2012-06-11 12:59:59',NULL),(41,'filenamePhotodiodeBuffer_2_1',NULL,1,NULL,NULL,'2012-06-04 12:59:59',NULL),(42,'filenameL3s21t22e1_2_1',NULL,2,NULL,NULL,'2012-03-26 12:59:59',NULL),(43,'filenameL6e0_2_1',NULL,2,NULL,NULL,'2012-04-02 12:59:59',NULL),(44,'filenameDampedSinusoids_3_1',NULL,1,NULL,NULL,'2012-05-28 12:59:59',NULL),(45,'filenameL21s10_3_1',NULL,2,NULL,NULL,'2012-05-28 12:59:59',NULL),(46,'filenameSourceFollower1_4_1',NULL,2,NULL,NULL,'2012-04-16 12:59:59',NULL),(47,'filenameLC_4_1',NULL,2,NULL,NULL,'2012-05-13 12:59:59',NULL),(48,'filenameTankCircuit_6_1',NULL,1,NULL,NULL,'2012-05-28 12:59:59',NULL),(49,'filenameL1e1_3_1',NULL,2,NULL,NULL,'2012-03-19 12:59:59',NULL),(50,'filenameDampedSinusoids_5_1',NULL,1,NULL,NULL,'2012-05-28 12:59:59',NULL),(51,'filenameBJT_5_1',NULL,6,NULL,NULL,'2012-06-11 12:59:59',NULL),(52,'filenameL26s8_3_1',NULL,2,NULL,NULL,'2012-06-11 12:59:59',NULL),(53,'filenameL21s12_5_1',NULL,2,NULL,NULL,'2012-05-28 12:59:59',NULL),(54,'filenameL17s9_2_1',NULL,2,NULL,NULL,'2012-05-13 12:59:59',NULL),(55,'filenameCSDamplifierModel_2_1',NULL,2,NULL,NULL,'2012-04-09 12:59:59',NULL),(56,'filenameTankCircuit_4_1',NULL,1,NULL,NULL,'2012-05-28 12:59:59',NULL),(57,'filenameHW3ID1_5_1',NULL,1,NULL,NULL,'2012-04-02 12:59:59',NULL),(58,'filenameLab11_4_1',NULL,3,NULL,NULL,'2012-05-28 12:59:59',NULL),(59,'filenameL24Summer_2_1',NULL,2,NULL,NULL,'2012-06-04 12:59:59',NULL),(60,'filenameSourceFollower1_6_1',NULL,2,NULL,NULL,'2012-04-16 12:59:59',NULL),(61,'filenameL5s15t18e1_3_1',NULL,2,NULL,NULL,'2012-04-02 12:59:59',NULL),(62,'filenameL1e4s_2_1',NULL,2,NULL,NULL,'2012-03-19 12:59:59',NULL),(63,'filenameNIC_2_1',NULL,6,NULL,NULL,'2012-06-11 12:59:59',NULL),(64,'filenameImpedances_11_1',NULL,1,NULL,NULL,'2012-05-21 12:59:59',NULL),(65,'filenamex0_3_1',NULL,5,NULL,NULL,'2012-05-01 12:59:59',NULL),(66,'filenameOpampCurrentSources_3_1',NULL,1,NULL,NULL,'2012-06-04 12:59:59',NULL),(67,'filenamenewfet_5_1',NULL,1,NULL,NULL,'2012-04-25 12:59:59',NULL),(68,'filenameShortPulse_2_1',NULL,2,NULL,NULL,'2012-05-07 12:59:59',NULL),(69,'filenameL19s8_3_1',NULL,2,NULL,NULL,'2012-05-21 12:59:59',NULL),(70,'filenameL22SOF_2_1',NULL,2,NULL,NULL,'2012-05-28 12:59:59',NULL),(71,'filenameVacuumDiode_2_1',NULL,2,NULL,NULL,'2012-04-09 12:59:59',NULL),(72,'filenamex5_5_1',NULL,5,NULL,NULL,'2012-05-01 12:59:59',NULL),(73,'filenameSeriesParallelInductors_5_1',NULL,1,NULL,NULL,'2012-04-30 12:59:59',NULL),(74,'filenameL7s19e1_3_1',NULL,2,NULL,NULL,'2012-04-09 12:59:59',NULL),(75,'filenameL22SOF_4_1',NULL,2,NULL,NULL,'2012-05-28 12:59:59',NULL),(76,'filenameL6e2_4_1',NULL,2,NULL,NULL,'2012-04-02 12:59:59',NULL),(77,'filenameL3s21t22e1_4_1',NULL,2,NULL,NULL,'2012-03-26 12:59:59',NULL),(78,'filenameL1e4s_4_1',NULL,2,NULL,NULL,'2012-03-19 12:59:59',NULL),(79,'filenameSeriesParallelInductors_3_1',NULL,1,NULL,NULL,'2012-04-30 12:59:59',NULL),(80,'filenameHW3PW1_2_1',NULL,1,NULL,NULL,'2012-04-02 12:59:59',NULL),(81,'filenameL6e2_2_1',NULL,2,NULL,NULL,'2012-04-02 12:59:59',NULL),(82,'filenameZenerRegulator_3_1',NULL,2,NULL,NULL,'2012-04-09 12:59:59',NULL),(83,'filenameBJT_7_1',NULL,6,NULL,NULL,'2012-06-11 12:59:59',NULL),(84,'filenameLab8_18_1',NULL,3,NULL,NULL,'2012-05-07 12:59:59',NULL),(85,'filenameL10s12e1_2_1',NULL,2,NULL,NULL,'2012-04-16 12:59:59',NULL),(86,'filenameLab5A_5_1',NULL,3,NULL,NULL,'2012-04-16 12:59:59',NULL),(87,'filenameLab10a_3_1',NULL,3,NULL,NULL,'2012-05-21 12:59:59',NULL),(88,'filenameL2s12t13e1_7_1',NULL,2,NULL,NULL,'2012-03-19 12:59:59',NULL),(89,'filenameLab8_16_1',NULL,3,NULL,NULL,'2012-05-07 12:59:59',NULL),(90,'filenameL1e40_2_1',NULL,2,NULL,NULL,'2012-03-19 12:59:59',NULL),(91,'filenameMOSFETsmallSignalModel_2_1',NULL,2,NULL,NULL,'2012-04-25 12:59:59',NULL),(92,'filenameSourceFollower1_2_1',NULL,2,NULL,NULL,'2012-04-16 12:59:59',NULL),(93,'filenameCSDamplifierModel_6_1',NULL,2,NULL,NULL,'2012-04-09 12:59:59',NULL),(94,'filenameFilterDesign_10_1',NULL,1,NULL,NULL,'2012-06-04 12:59:59',NULL),(95,'filenameL13InductorScale_4_1',NULL,2,NULL,NULL,'2012-04-30 12:59:59',NULL),(96,'filenamex0_7_1',NULL,5,NULL,NULL,'2012-05-01 12:59:59',NULL),(97,'filenameDampedSinusoids_6_1',NULL,1,NULL,NULL,'2012-05-28 12:59:59',NULL),(98,'filenameBJT_8_1',NULL,6,NULL,NULL,'2012-06-11 12:59:59',NULL),(99,'filenameLab11_6_1',NULL,3,NULL,NULL,'2012-05-28 12:59:59',NULL),(100,'filenameL18s16_3_1',NULL,2,NULL,NULL,'2012-05-13 12:59:59',NULL);
/*!40000 ALTER TABLE `problems` ENABLE KEYS */;
UNLOCK TABLES;

--
-- Table structure for table `questions`
--

DROP TABLE IF EXISTS `questions`;
/*!40101 SET @saved_cs_client     = @@character_set_client */;
/*!40101 SET character_set_client = utf8 */;
CREATE TABLE `questions` (
  `question_id` int(11) NOT NULL AUTO_INCREMENT,
  `question_content` text,
  `question_type` int(11) DEFAULT NULL,
  `question_reference` int(11) DEFAULT NULL,
  `survey_id` int(11) DEFAULT NULL,
  PRIMARY KEY (`question_id`),
  KEY `survey_fk_idx` (`survey_id`),
  CONSTRAINT `survey_fk` FOREIGN KEY (`survey_id`) REFERENCES `surveys` (`survey_id`) ON DELETE NO ACTION ON UPDATE NO ACTION
) ENGINE=InnoDB DEFAULT CHARSET=latin1;
/*!40101 SET character_set_client = @saved_cs_client */;

--
-- Dumping data for table `questions`
--

LOCK TABLES `questions` WRITE;
/*!40000 ALTER TABLE `questions` DISABLE KEYS */;
/*!40000 ALTER TABLE `questions` ENABLE KEYS */;
UNLOCK TABLES;

--
-- Table structure for table `resource_types`
--

DROP TABLE IF EXISTS `resource_types`;
/*!40101 SET @saved_cs_client     = @@character_set_client */;
/*!40101 SET character_set_client = utf8 */;
CREATE TABLE `resource_types` (
  `resource_type_id` int(11) NOT NULL,
  `resource_type_name` varchar(20) NOT NULL,
  PRIMARY KEY (`resource_type_id`)
) ENGINE=InnoDB DEFAULT CHARSET=latin1;
/*!40101 SET character_set_client = @saved_cs_client */;

--
-- Dumping data for table `resource_types`
--

LOCK TABLES `resource_types` WRITE;
/*!40000 ALTER TABLE `resource_types` DISABLE KEYS */;
INSERT INTO `resource_types` VALUES (0,'other'),(1,'video'),(2,'wiki'),(3,'book'),(4,'profile'),(5,'problem'),(6,'exercise'),(7,'tutorial'),(8,'exam'),(9,'homework'),(10,'home'),(19,'testing');
/*!40000 ALTER TABLE `resource_types` ENABLE KEYS */;
UNLOCK TABLES;

--
-- Table structure for table `resources`
--

DROP TABLE IF EXISTS `resources`;
/*!40101 SET @saved_cs_client     = @@character_set_client */;
/*!40101 SET character_set_client = utf8 */;
CREATE TABLE `resources` (
  `resource_id` int(11) NOT NULL AUTO_INCREMENT,
  `resource_name` varchar(555) NOT NULL,
  `resource_url` varchar(555) NOT NULL,
  `resource_type_id` int(2) NOT NULL,
  `resource_parent_id` int(11) DEFAULT NULL,
  PRIMARY KEY (`resource_id`),
  KEY `location` (`resource_url`),
  KEY `resource_type_idx` (`resource_type_id`),
  KEY `resource_parent_id_idx` (`resource_parent_id`),
  CONSTRAINT `resource_type` FOREIGN KEY (`resource_type_id`) REFERENCES `resource_types` (`resource_type_id`) ON DELETE NO ACTION ON UPDATE NO ACTION,
  CONSTRAINT `resource_parent_id` FOREIGN KEY (`resource_parent_id`) REFERENCES `resources` (`resource_id`) ON DELETE NO ACTION ON UPDATE NO ACTION
) ENGINE=InnoDB AUTO_INCREMENT=29 DEFAULT CHARSET=latin1;
/*!40101 SET character_set_client = @saved_cs_client */;

--
-- Dumping data for table `resources`
--

LOCK TABLES `resources` WRITE;
/*!40000 ALTER TABLE `resources` DISABLE KEYS */;
INSERT INTO `resources` VALUES (6,'http://6002x.mitx.mit.edu/courseware/','http://6002x.mitx.mit.edu/courseware/',1,0),(7,'http://6002x.mitx.mit.edu/courseware/6.002_Spring_2012/Midterm_Exam/Midterm_Exam/','http://6002x.mitx.mit.edu/courseware/6.002_Spring_2012/Midterm_Exam/Midterm_Exam/',8,0),(8,'http://6002x.mitx.mit.edu/courseware/6.002_Spring_2012/Week_1/?tencent-mtt-https','http://6002x.mitx.mit.edu/courseware/6.002_Spring_2012/Week_1/?tencent-mtt-https',1,0),(9,'http://6002x.mitx.mit.edu/courseware/6.002_Spring_2012/Week_1/Administrivia_and_Circuit_Elements/#?tencent-mtt-https','http://6002x.mitx.mit.edu/courseware/6.002_Spring_2012/Week_1/Administrivia_and_Circuit_Elements/#?tencent-mtt-https',1,0),(10,'http://6002x.mitx.mit.edu/courseware/6.002_Spring_2012/Week_1/Administrivia_and_Circuit_Elements/?tencent-mtt-https','http://6002x.mitx.mit.edu/courseware/6.002_Spring_2012/Week_1/Administrivia_and_Circuit_Elements/?tencent-mtt-https',1,0),(11,'http://6002x.mitx.mit.edu/courseware/6.002_Spring_2012/Week_1/Administrivia_and_Circuit_Elements/?tencent-mtt-https#?tencent-mtt-https&tencent-mtt-https','http://6002x.mitx.mit.edu/courseware/6.002_Spring_2012/Week_1/Administrivia_and_Circuit_Elements/?tencent-mtt-https#?tencent-mtt-https&tencent-mtt-https',1,0),(12,'http://6002x.mitx.mit.edu/courseware/6.002_Spring_2012/Week_1/Administrivia_and_Circuit_Elements/?tencent-mtt-https#?tencent-mtt-https&tencent-mtt-https&tencent-mtt-https','http://6002x.mitx.mit.edu/courseware/6.002_Spring_2012/Week_1/Administrivia_and_Circuit_Elements/?tencent-mtt-https#?tencent-mtt-https&tencent-mtt-https&tencent-mtt-https',1,0),(13,'http://6002x.mitx.mit.edu/courseware/6.002_Spring_2012/Week_1/Administrivia_and_Circuit_Elements/?tencent-mtt-https#?tencent-mtt-https&tencent-mtt-https&tencent-mtt-https&tencent-mtt-https','http://6002x.mitx.mit.edu/courseware/6.002_Spring_2012/Week_1/Administrivia_and_Circuit_Elements/?tencent-mtt-https#?tencent-mtt-https&tencent-mtt-https&tencent-mtt-https&tencent-mtt-https',1,0),(14,'http://6002x.mitx.mit.edu/courseware/6.002_Spring_2012/Week_1/Administrivia_and_Circuit_Elements/?tencent-mtt-https#?tencent-mtt-https&tencent-mtt-https&tencent-mtt-https&tencent-mtt-https&tencent-mtt-https','http://6002x.mitx.mit.edu/courseware/6.002_Spring_2012/Week_1/Administrivia_and_Circuit_Elements/?tencent-mtt-https#?tencent-mtt-https&tencent-mtt-https&tencent-mtt-https&tencent-mtt-https&tencent-mtt-https',1,0),(15,'http://6002x.mitx.mit.edu/courseware/6.002_Spring_2012/Week_1/Basic_Circuit_Analysis/?tencent-mtt-https','http://6002x.mitx.mit.edu/courseware/6.002_Spring_2012/Week_1/Basic_Circuit_Analysis/?tencent-mtt-https',1,0),(16,'http://6002x.mitx.mit.edu/courseware/6.002_Spring_2012/Week_1/Basic_Circuit_Analysis/?tencent-mtt-https#?tencent-mtt-https','http://6002x.mitx.mit.edu/courseware/6.002_Spring_2012/Week_1/Basic_Circuit_Analysis/?tencent-mtt-https#?tencent-mtt-https',1,0),(17,'http://6002x.mitx.mit.edu/courseware/6.002_Spring_2012/Week_1/Basic_Circuit_Analysis/?tencent-mtt-https#?tencent-mtt-https&tencent-mtt-https','http://6002x.mitx.mit.edu/courseware/6.002_Spring_2012/Week_1/Basic_Circuit_Analysis/?tencent-mtt-https#?tencent-mtt-https&tencent-mtt-https',1,0),(18,'http://6002x.mitx.mit.edu/courseware/6.002_Spring_2012/Week_1/Basic_Circuit_Analysis/?tencent-mtt-https#?tencent-mtt-https&tencent-mtt-https&tencent-mtt-https','http://6002x.mitx.mit.edu/courseware/6.002_Spring_2012/Week_1/Basic_Circuit_Analysis/?tencent-mtt-https#?tencent-mtt-https&tencent-mtt-https&tencent-mtt-https',1,0),(19,'http://6002x.mitx.mit.edu/courseware/6.002_Spring_2012/Week_1/Basic_Circuit_Analysis/?tencent-mtt-https#?tencent-mtt-https&tencent-mtt-https&tencent-mtt-https&tencent-mtt-https','http://6002x.mitx.mit.edu/courseware/6.002_Spring_2012/Week_1/Basic_Circuit_Analysis/?tencent-mtt-https#?tencent-mtt-https&tencent-mtt-https&tencent-mtt-https&tencent-mtt-https',1,0),(20,'http://6002x.mitx.mit.edu/courseware/6.002_Spring_2012/Week_1/Basic_Circuit_Analysis/?tencent-mtt-https#?tencent-mtt-https&tencent-mtt-https&tencent-mtt-https&tencent-mtt-https&tencent-mtt-https','http://6002x.mitx.mit.edu/courseware/6.002_Spring_2012/Week_1/Basic_Circuit_Analysis/?tencent-mtt-https#?tencent-mtt-https&tencent-mtt-https&tencent-mtt-https&tencent-mtt-https&tencent-mtt-https',1,0),(21,'http://6002x.mitx.mit.edu/courseware/6.002_Spring_2012/Week_2/Lab2b:_Mixing_Two_Signals/','http://6002x.mitx.mit.edu/courseware/6.002_Spring_2012/Week_2/Lab2b:_Mixing_Two_Signals/',1,0),(22,'http://6002x.mitx.mit.edu/courseware/6.002_Spring_2012/Week_5/MOSFETs%3A_Large_Signals/?tencent-mtt-https','http://6002x.mitx.mit.edu/courseware/6.002_Spring_2012/Week_5/MOSFETs%3A_Large_Signals/?tencent-mtt-https',1,0),(23,'http://6002x.mitx.mit.edu/courseware/?tencent-mtt-https','http://6002x.mitx.mit.edu/courseware/?tencent-mtt-https',1,0),(24,'http://6002x.mitx.mit.edu/info?tencent-mtt-https','http://6002x.mitx.mit.edu/info?tencent-mtt-https',10,0),(25,'http://6002x.mitx.mit.edu/profile?tencent-mtt-https','http://6002x.mitx.mit.edu/profile?tencent-mtt-https',4,0),(26,'http://6002x.mitx.mit.edu/section/exercise_1_1/','http://6002x.mitx.mit.edu/section/exercise_1_1/',9,0),(27,'http://6002x.mitx.mit.edu/section/three-series-resistors/','http://6002x.mitx.mit.edu/section/three-series-resistors/',7,0),(28,'http://6002x.mitx.mit.edu/wiki/view/?tencent-mtt-https','http://6002x.mitx.mit.edu/wiki/view/?tencent-mtt-https',2,0);
/*!40000 ALTER TABLE `resources` ENABLE KEYS */;
UNLOCK TABLES;

--
-- Table structure for table `submissions`
--

DROP TABLE IF EXISTS `submissions`;
/*!40101 SET @saved_cs_client     = @@character_set_client */;
/*!40101 SET character_set_client = utf8 */;
CREATE TABLE `submissions` (
  `submission_id` int(11) NOT NULL AUTO_INCREMENT,
  `user_id` int(11) NOT NULL,
  `problem_id` int(11) NOT NULL,
  `submission_timestamp` datetime NOT NULL,
  `submission_attempt_number` int(11) NOT NULL,
  `submission_answer` text NOT NULL,
  `submission_is_submitted` bit(1) NOT NULL,
  `submission_ip` int(11) DEFAULT NULL,
  `submission_os` int(11) DEFAULT NULL,
  `submission_agent` int(11) DEFAULT NULL,
  PRIMARY KEY (`submission_id`),
  KEY `user_id` (`user_id`,`problem_id`),
  KEY `user_idx` (`user_id`),
  KEY `problem_idx` (`problem_id`),
  CONSTRAINT `problem` FOREIGN KEY (`problem_id`) REFERENCES `problems` (`problem_id`) ON DELETE NO ACTION ON UPDATE NO ACTION,
  CONSTRAINT `user` FOREIGN KEY (`user_id`) REFERENCES `users` (`user_id`) ON DELETE NO ACTION ON UPDATE NO ACTION
) ENGINE=InnoDB AUTO_INCREMENT=101 DEFAULT CHARSET=latin1;
/*!40101 SET character_set_client = @saved_cs_client */;

--
-- Dumping data for table `submissions`
--

LOCK TABLES `submissions` WRITE;
/*!40000 ALTER TABLE `submissions` DISABLE KEYS */;
INSERT INTO `submissions` VALUES (1,95,194,'2013-08-29 01:45:36',1,'a c f','\0',NULL,NULL,NULL),(2,65,195,'2013-08-28 20:53:33',1,'d','\0',NULL,NULL,NULL),(3,39,196,'2013-08-29 13:49:45',1,' e\\','\0',NULL,NULL,NULL),(4,99,194,'2013-08-29 02:00:17',2,'a f','\0',NULL,NULL,NULL),(5,76,196,'2013-08-29 03:11:00',2,'e\\','\0',NULL,NULL,NULL),(6,86,194,'2013-08-29 16:46:19',3,'a','\0',NULL,NULL,NULL),(7,99,196,'2013-08-28 21:50:47',3,'\\','\0',NULL,NULL,NULL),(8,37,293,'2013-08-29 01:20:29',1,'8\\','\0',NULL,NULL,NULL),(9,89,410,'2013-08-29 20:02:12',1,'5','\0',NULL,NULL,NULL),(10,32,550,'2013-08-29 19:41:46',1,'5\\','\0',NULL,NULL,NULL),(11,91,410,'2013-08-29 17:27:45',2,'500','\0',NULL,NULL,NULL),(12,60,550,'2013-08-29 07:18:55',2,'500\\','\0',NULL,NULL,NULL),(13,25,410,'2013-08-29 18:50:10',3,'2','\0',NULL,NULL,NULL),(14,47,550,'2013-08-28 19:46:18',3,'-2\\','\0',NULL,NULL,NULL),(15,59,502,'2013-08-29 12:33:08',1,'A*x^2+sqrt(y)\\','\0',NULL,NULL,NULL),(16,55,521,'2013-08-28 22:58:59',1,'220','\0',NULL,NULL,NULL),(17,97,520,'2013-08-29 19:40:59',1,'\\','\0',NULL,NULL,NULL),(18,19,194,'2013-08-28 21:13:28',1,'a','\0',NULL,NULL,NULL),(19,3,195,'2013-08-29 17:16:33',1,'','\0',NULL,NULL,NULL),(20,58,196,'2013-08-29 18:14:33',1,'d\\','\0',NULL,NULL,NULL),(21,81,195,'2013-08-29 18:28:36',2,'d','\0',NULL,NULL,NULL),(22,28,196,'2013-08-29 16:44:51',2,'\\','\0',NULL,NULL,NULL),(23,99,293,'2013-08-29 07:23:56',1,'8\\','\0',NULL,NULL,NULL),(24,11,410,'2013-08-28 17:37:20',1,'2','\0',NULL,NULL,NULL),(25,57,550,'2013-08-29 08:20:22',1,'2\\','\0',NULL,NULL,NULL),(26,50,410,'2013-08-29 12:08:40',2,'2','\0',NULL,NULL,NULL),(27,78,550,'2013-08-29 14:47:44',2,'\0\\','\0',NULL,NULL,NULL),(28,39,502,'2013-08-29 16:38:10',1,'|A*x^2+sqrt(y)\\','\0',NULL,NULL,NULL),(29,63,502,'2013-08-29 17:53:11',2,'A*x^2+sqrt(y)\\','\0',NULL,NULL,NULL),(30,97,521,'2013-08-29 18:36:53',1,'1','\0',NULL,NULL,NULL),(31,95,520,'2013-08-29 18:30:25',1,'11\\','\0',NULL,NULL,NULL),(32,85,521,'2013-08-29 15:46:57',2,'9,38','\0',NULL,NULL,NULL),(33,37,520,'2013-08-29 02:29:01',2,'1,17\\','\0',NULL,NULL,NULL),(34,30,521,'2013-08-28 23:43:05',3,'9.38','\0',NULL,NULL,NULL),(35,37,520,'2013-08-28 22:00:30',3,'1.17\\','\0',NULL,NULL,NULL),(36,95,520,'2013-08-28 21:45:25',4,'1.1\\','\0',NULL,NULL,NULL),(37,66,8,'2013-08-29 01:37:45',1,'4','\0',NULL,NULL,NULL),(38,42,580,'2013-08-28 17:58:00',1,'3','\0',NULL,NULL,NULL),(39,12,609,'2013-08-28 23:35:35',1,'4','\0',NULL,NULL,NULL),(40,36,532,'2013-08-28 19:09:24',1,'3\\','\0',NULL,NULL,NULL),(41,40,609,'2013-08-29 11:39:09',2,'5','\0',NULL,NULL,NULL),(42,92,609,'2013-08-28 20:19:44',3,'4','\0',NULL,NULL,NULL),(43,42,42,'2013-08-29 09:06:43',1,'(1.43*1.8)/(1.8+.034)','\0',NULL,NULL,NULL),(44,31,588,'2013-08-29 07:53:13',1,'(2*.017+1.8)','\0',NULL,NULL,NULL),(45,28,77,'2013-08-29 18:58:06',1,'.13276\\','\0',NULL,NULL,NULL),(46,47,43,'2013-08-28 18:43:00',1,'(Rp/(Rs+Rp))*Vs','\0',NULL,NULL,NULL),(47,50,170,'2013-08-29 06:52:55',1,'1/((1/Rs)+(1/Rp))','\0',NULL,NULL,NULL),(48,8,43,'2013-08-29 01:34:23',2,'(Rp/(Rs+Rp))*Vs','\0',NULL,NULL,NULL),(49,89,170,'2013-08-28 18:05:23',2,'1/((1/Rs)+(1/Rp))','\0',NULL,NULL,NULL),(50,23,43,'2013-08-29 00:22:36',3,'vs*(rp/(rs+rs))','\0',NULL,NULL,NULL),(51,44,62,'2013-08-28 22:42:20',1,'i2 - i3','\0',NULL,NULL,NULL),(52,53,304,'2013-08-28 23:16:04',1,'i3 -i2 -i1','\0',NULL,NULL,NULL),(53,32,78,'2013-08-29 07:05:30',1,'-(i1 + i2)\\','\0',NULL,NULL,NULL),(54,100,81,'2013-08-29 16:44:50',1,'0','\0',NULL,NULL,NULL),(55,6,1,'2013-08-29 13:46:28',1,'0','\0',NULL,NULL,NULL),(56,27,81,'2013-08-28 21:43:21',2,'28.2','\0',NULL,NULL,NULL),(57,19,1,'2013-08-29 09:42:53',2,'0','\0',NULL,NULL,NULL),(58,10,81,'2013-08-29 06:43:10',3,'6','\0',NULL,NULL,NULL),(59,95,1,'2013-08-29 11:19:23',3,'28.2','\0',NULL,NULL,NULL),(60,46,76,'2013-08-29 15:32:57',1,'2.8','\0',NULL,NULL,NULL),(61,43,76,'2013-08-28 19:05:25',2,'2.7','\0',NULL,NULL,NULL),(62,76,76,'2013-08-29 19:00:24',3,'2.6','\0',NULL,NULL,NULL),(63,51,76,'2013-08-29 05:31:18',4,'2.5','\0',NULL,NULL,NULL),(64,28,76,'2013-08-29 05:14:06',5,'2.4','\0',NULL,NULL,NULL),(65,86,76,'2013-08-29 16:28:46',6,'3','\0',NULL,NULL,NULL),(66,44,90,'2013-08-29 18:00:25',1,'-3.6','\0',NULL,NULL,NULL),(67,62,436,'2013-08-29 19:41:15',1,'4.3\\','\0',NULL,NULL,NULL),(68,77,102,'2013-08-28 19:43:50',1,'0.00127632418634','\0',NULL,NULL,NULL),(69,100,221,'2013-08-29 09:47:37',1,'0.00127632418634','\0',NULL,NULL,NULL),(70,68,544,'2013-08-29 13:05:23',1,'5.97193191998e-06','\0',NULL,NULL,NULL),(71,40,216,'2013-08-29 15:09:36',1,'5.97193191998','\0',NULL,NULL,NULL),(72,93,102,'2013-08-29 15:37:22',2,'0.00127632418634','\0',NULL,NULL,NULL),(73,48,221,'2013-08-29 11:43:31',2,'0.00127632418634','\0',NULL,NULL,NULL),(74,59,544,'2013-08-29 18:37:41',2,'-5.97193191998e-06','\0',NULL,NULL,NULL),(75,49,216,'2013-08-29 09:16:43',2,'-5.97193191998','\0',NULL,NULL,NULL),(76,67,108,'2013-08-28 21:22:41',1,'1','\0',NULL,NULL,NULL),(77,91,108,'2013-08-28 17:42:09',2,'1','\0',NULL,NULL,NULL),(78,50,628,'2013-08-29 11:01:30',1,'1','\0',NULL,NULL,NULL),(79,79,115,'2013-08-28 21:33:15',1,'0','\0',NULL,NULL,NULL),(80,43,589,'2013-08-29 17:07:15',1,'0','\0',NULL,NULL,NULL),(81,79,589,'2013-08-29 16:28:40',2,'1','\0',NULL,NULL,NULL),(82,64,127,'2013-08-29 10:07:08',1,'1.69\\','\0',NULL,NULL,NULL),(83,82,127,'2013-08-29 08:01:48',2,'6.69032258065\\','\0',NULL,NULL,NULL),(84,19,127,'2013-08-29 16:39:46',3,'6.2\\','\0',NULL,NULL,NULL),(85,48,137,'2013-08-29 10:32:16',1,'4','\0',NULL,NULL,NULL),(86,84,258,'2013-08-29 09:34:12',1,'1','\0',NULL,NULL,NULL),(87,75,16,'2013-08-28 19:19:42',1,'8','\0',NULL,NULL,NULL),(88,23,233,'2013-08-29 10:21:24',1,'2','\0',NULL,NULL,NULL),(89,89,142,'2013-08-29 17:06:45',1,'2','\0',NULL,NULL,NULL),(90,77,246,'2013-08-29 05:48:24',1,'\0','\0',NULL,NULL,NULL),(91,18,129,'2013-08-29 12:20:36',1,'1','\0',NULL,NULL,NULL),(92,57,249,'2013-08-28 19:36:39',1,'1','\0',NULL,NULL,NULL),(93,30,132,'2013-08-29 03:26:58',1,'1\\','\0',NULL,NULL,NULL),(94,80,143,'2013-08-29 09:30:22',1,'-0.5\\','\0',NULL,NULL,NULL),(95,10,143,'2013-08-29 16:16:27',2,'\0.5\\','\0',NULL,NULL,NULL),(96,8,147,'2013-08-29 04:10:01',1,'I1\\','\0',NULL,NULL,NULL),(97,9,147,'2013-08-29 06:39:33',2,'I1\\','\0',NULL,NULL,NULL),(98,21,147,'2013-08-28 23:53:12',3,'(e2-V0)/R4+(e2/R5)+(e2-e1)/R3-I1\\','\0',NULL,NULL,NULL),(99,77,152,'2013-08-29 14:06:14',1,'2.99401197605','\0',NULL,NULL,NULL),(100,20,254,'2013-08-28 18:23:44',1,'0.17647058824','\0',NULL,NULL,NULL);
/*!40000 ALTER TABLE `submissions` ENABLE KEYS */;
UNLOCK TABLES;

--
-- Table structure for table `surveys`
--

DROP TABLE IF EXISTS `surveys`;
/*!40101 SET @saved_cs_client     = @@character_set_client */;
/*!40101 SET character_set_client = utf8 */;
CREATE TABLE `surveys` (
  `survey_id` int(11) NOT NULL AUTO_INCREMENT,
  `survey_start_timestamp` datetime DEFAULT NULL,
  `survey_end_timestamp` datetime DEFAULT NULL,
  PRIMARY KEY (`survey_id`)
) ENGINE=InnoDB DEFAULT CHARSET=latin1;
/*!40101 SET character_set_client = @saved_cs_client */;

--
-- Dumping data for table `surveys`
--

LOCK TABLES `surveys` WRITE;
/*!40000 ALTER TABLE `surveys` DISABLE KEYS */;
/*!40000 ALTER TABLE `surveys` ENABLE KEYS */;
UNLOCK TABLES;

--
-- Table structure for table `users`
--

DROP TABLE IF EXISTS `users`;
/*!40101 SET @saved_cs_client     = @@character_set_client */;
/*!40101 SET character_set_client = utf8 */;
CREATE TABLE `users` (
  `user_id` int(11) NOT NULL,
  `user_name` varchar(30) DEFAULT NULL,
  `user_gender` tinyint(4) DEFAULT NULL,
  `user_birthdate` date DEFAULT NULL,
  `user_country` varchar(3) DEFAULT NULL,
  `user_ip` int(10) unsigned DEFAULT NULL,
  `user_timezone_offset` int(11) DEFAULT NULL,
  `user_final_grade` double DEFAULT NULL,
  `user_join_timestamp` datetime DEFAULT NULL,
  `user_os` int(11) DEFAULT NULL,
  `user_agent` int(11) DEFAULT NULL,
  `user_language` int(11) DEFAULT NULL,
  `user_screen_resolution` varchar(45) DEFAULT NULL,
  PRIMARY KEY (`user_id`),
  KEY `username` (`user_name`),
  KEY `id` (`user_id`)
) ENGINE=InnoDB DEFAULT CHARSET=latin1;
/*!40101 SET character_set_client = @saved_cs_client */;

--
-- Dumping data for table `users`
--

LOCK TABLES `users` WRITE;
/*!40000 ALTER TABLE `users` DISABLE KEYS */;
INSERT INTO `users` VALUES (1,'b97e2853-110e-11e3-85a1-8c89a5',NULL,NULL,'IN',3224821259,NULL,NULL,'2013-08-29 15:37:53',NULL,NULL,NULL,NULL),(2,'b97e2c48-110e-11e3-85a1-8c89a5',NULL,NULL,'FR',3224821259,NULL,NULL,'2013-08-29 08:41:23',NULL,NULL,NULL,NULL),(3,'b97e2d50-110e-11e3-85a1-8c89a5',NULL,NULL,NULL,3224821259,NULL,NULL,'2013-08-29 03:25:27',NULL,NULL,NULL,NULL),(4,'b97e2e2f-110e-11e3-85a1-8c89a5',NULL,NULL,'GB',3224821259,NULL,0.75,'2013-08-28 21:55:17',NULL,NULL,NULL,NULL),(5,'b97e2f09-110e-11e3-85a1-8c89a5',NULL,NULL,'US',3224821259,NULL,NULL,'2013-08-29 13:58:54',NULL,NULL,NULL,NULL),(6,'b97e2ffa-110e-11e3-85a1-8c89a5',NULL,NULL,'IN',3224821259,NULL,NULL,'2013-08-28 23:40:51',NULL,NULL,NULL,NULL),(7,'b97e30d5-110e-11e3-85a1-8c89a5',NULL,NULL,'GB',3224821259,NULL,NULL,'2013-08-29 18:53:01',NULL,NULL,NULL,NULL),(8,'b97e31a7-110e-11e3-85a1-8c89a5',NULL,NULL,'GB',3224821259,NULL,NULL,'2013-08-29 18:54:45',NULL,NULL,NULL,NULL),(9,'b97e3274-110e-11e3-85a1-8c89a5',NULL,NULL,'GB',3224821259,NULL,NULL,'2013-08-29 17:00:13',NULL,NULL,NULL,NULL),(10,'b97e3341-110e-11e3-85a1-8c89a5',NULL,NULL,'US',3224821259,NULL,NULL,'2013-08-29 07:22:18',NULL,NULL,NULL,NULL),(11,'b97e3417-110e-11e3-85a1-8c89a5',NULL,NULL,NULL,3224821259,NULL,NULL,'2013-08-29 20:29:44',NULL,NULL,NULL,NULL),(12,'b97e34e5-110e-11e3-85a1-8c89a5',NULL,NULL,'US',3224821259,NULL,NULL,'2013-08-29 03:53:57',NULL,NULL,NULL,NULL),(13,'b97e35b2-110e-11e3-85a1-8c89a5',NULL,NULL,'CO',3224821259,NULL,NULL,'2013-08-29 20:26:02',NULL,NULL,NULL,NULL),(14,'b97e367f-110e-11e3-85a1-8c89a5',NULL,NULL,'BR',3224821259,NULL,NULL,'2013-08-29 14:00:30',NULL,NULL,NULL,NULL),(15,'b97e3751-110e-11e3-85a1-8c89a5',NULL,NULL,NULL,3224821259,NULL,NULL,'2013-08-29 15:36:35',NULL,NULL,NULL,NULL),(16,'b97e3823-110e-11e3-85a1-8c89a5',NULL,NULL,'GB',3224821259,NULL,NULL,'2013-08-29 15:06:53',NULL,NULL,NULL,NULL),(17,'b97e3921-110e-11e3-85a1-8c89a5',NULL,NULL,NULL,3224821259,NULL,NULL,'2013-08-29 07:50:12',NULL,NULL,NULL,NULL),(18,'b97e3a00-110e-11e3-85a1-8c89a5',NULL,NULL,'US',3224821259,NULL,1,'2013-08-29 00:42:32',NULL,NULL,NULL,NULL),(19,'b97e3ad2-110e-11e3-85a1-8c89a5',NULL,NULL,'AU',3224821259,NULL,NULL,'2013-08-29 14:40:54',NULL,NULL,NULL,NULL),(20,'b97e3bba-110e-11e3-85a1-8c89a5',NULL,NULL,'US',3224821259,NULL,1,'2013-08-28 18:49:04',NULL,NULL,NULL,NULL),(21,'b97e3c87-110e-11e3-85a1-8c89a5',NULL,NULL,NULL,3224821259,NULL,NULL,'2013-08-29 20:14:48',NULL,NULL,NULL,NULL),(22,'b97e3d62-110e-11e3-85a1-8c89a5',NULL,NULL,NULL,3224821259,NULL,NULL,'2013-08-29 12:32:17',NULL,NULL,NULL,NULL),(23,'b97e3e34-110e-11e3-85a1-8c89a5',NULL,NULL,NULL,3224821259,NULL,NULL,'2013-08-29 08:49:15',NULL,NULL,NULL,NULL),(24,'b97e3f0a-110e-11e3-85a1-8c89a5',NULL,NULL,'GB',3224821259,NULL,NULL,'2013-08-29 13:21:32',NULL,NULL,NULL,NULL),(25,'b97e3fd2-110e-11e3-85a1-8c89a5',NULL,NULL,'MT',3224821259,NULL,NULL,'2013-08-29 19:25:25',NULL,NULL,NULL,NULL),(26,'b97e409b-110e-11e3-85a1-8c89a5',NULL,NULL,'CL',3224821259,NULL,NULL,'2013-08-29 08:21:19',NULL,NULL,NULL,NULL),(27,'b97e4169-110e-11e3-85a1-8c89a5',NULL,NULL,NULL,3224821259,NULL,NULL,'2013-08-29 18:09:11',NULL,NULL,NULL,NULL),(28,'b97e4231-110e-11e3-85a1-8c89a5',NULL,NULL,NULL,3224821259,NULL,NULL,'2013-08-29 17:00:48',NULL,NULL,NULL,NULL),(29,'b97e430c-110e-11e3-85a1-8c89a5',NULL,NULL,'PE',3224821259,NULL,NULL,'2013-08-29 09:41:56',NULL,NULL,NULL,NULL),(30,'b97e43de-110e-11e3-85a1-8c89a5',NULL,NULL,'AO',3224821259,NULL,NULL,'2013-08-29 04:19:29',NULL,NULL,NULL,NULL),(31,'b97e44af-110e-11e3-85a1-8c89a5',NULL,NULL,'CL',3224821259,NULL,1,'2013-08-28 23:23:48',NULL,NULL,NULL,NULL),(32,'b97e45a0-110e-11e3-85a1-8c89a5',NULL,NULL,NULL,3224821259,NULL,NULL,'2013-08-29 18:39:24',NULL,NULL,NULL,NULL),(33,'b97e4672-110e-11e3-85a1-8c89a5',NULL,NULL,'US',3224821259,NULL,1,'2013-08-29 18:37:45',NULL,NULL,NULL,NULL),(34,'b97e4744-110e-11e3-85a1-8c89a5',NULL,NULL,'CO',3224821259,NULL,NULL,'2013-08-29 16:16:06',NULL,NULL,NULL,NULL),(35,'b97e4811-110e-11e3-85a1-8c89a5',NULL,NULL,'GB',3224821259,NULL,NULL,'2013-08-29 04:32:42',NULL,NULL,NULL,NULL),(36,'b97e48de-110e-11e3-85a1-8c89a5',NULL,NULL,'GB',3224821259,NULL,NULL,'2013-08-29 08:34:05',NULL,NULL,NULL,NULL),(37,'b97e49a7-110e-11e3-85a1-8c89a5',NULL,NULL,'BR',3224821259,NULL,NULL,'2013-08-29 08:17:48',NULL,NULL,NULL,NULL),(38,'b97e4a7d-110e-11e3-85a1-8c89a5',NULL,NULL,'IN',3224821259,NULL,1,'2013-08-28 18:52:15',NULL,NULL,NULL,NULL),(39,'b97e4b4b-110e-11e3-85a1-8c89a5',NULL,NULL,'PK',3224821259,NULL,NULL,'2013-08-29 11:53:21',NULL,NULL,NULL,NULL),(40,'b97e4c1c-110e-11e3-85a1-8c89a5',NULL,NULL,'CO',3224821259,NULL,NULL,'2013-08-28 22:22:09',NULL,NULL,NULL,NULL),(41,'b97e4f82-110e-11e3-85a1-8c89a5',NULL,NULL,NULL,3224821259,NULL,NULL,'2013-08-29 18:36:16',NULL,NULL,NULL,NULL),(42,'b97e5054-110e-11e3-85a1-8c89a5',NULL,NULL,'CL',3224821259,NULL,NULL,'2013-08-28 17:40:21',NULL,NULL,NULL,NULL),(43,'b97e5121-110e-11e3-85a1-8c89a5',NULL,NULL,NULL,3224821259,NULL,NULL,'2013-08-29 02:45:07',NULL,NULL,NULL,NULL),(44,'b97e51ef-110e-11e3-85a1-8c89a5',NULL,NULL,'CL',3224821259,NULL,NULL,'2013-08-29 11:50:03',NULL,NULL,NULL,NULL),(45,'b97e52bc-110e-11e3-85a1-8c89a5',NULL,NULL,NULL,3224821259,NULL,NULL,'2013-08-29 02:13:43',NULL,NULL,NULL,NULL),(46,'b97e5385-110e-11e3-85a1-8c89a5',NULL,NULL,'DO',3224821259,NULL,NULL,'2013-08-29 10:17:17',NULL,NULL,NULL,NULL),(47,'b97e5452-110e-11e3-85a1-8c89a5',NULL,NULL,'UA',3224821259,NULL,NULL,'2013-08-28 20:04:05',NULL,NULL,NULL,NULL),(48,'b97e551b-110e-11e3-85a1-8c89a5',NULL,NULL,'GR',3224821259,NULL,1,'2013-08-29 11:54:07',NULL,NULL,NULL,NULL),(49,'b97e55e4-110e-11e3-85a1-8c89a5',NULL,NULL,'VI',3224821259,NULL,1,'2013-08-28 18:50:30',NULL,NULL,NULL,NULL),(50,'b97e56ac-110e-11e3-85a1-8c89a5',NULL,NULL,'SE',3224821259,NULL,NULL,'2013-08-29 00:55:39',NULL,NULL,NULL,NULL),(51,'b97e577e-110e-11e3-85a1-8c89a5',NULL,NULL,NULL,3224821259,NULL,NULL,'2013-08-28 23:12:14',NULL,NULL,NULL,NULL),(52,'b97e5847-110e-11e3-85a1-8c89a5',NULL,NULL,NULL,3224821259,NULL,NULL,'2013-08-29 00:06:23',NULL,NULL,NULL,NULL),(53,'b97e5910-110e-11e3-85a1-8c89a5',NULL,NULL,NULL,3224821259,NULL,NULL,'2013-08-29 09:47:26',NULL,NULL,NULL,NULL),(54,'b97e59d9-110e-11e3-85a1-8c89a5',NULL,NULL,NULL,3224821259,NULL,NULL,'2013-08-28 23:56:51',NULL,NULL,NULL,NULL),(55,'b97e5aa6-110e-11e3-85a1-8c89a5',NULL,NULL,'ES',3224821259,NULL,NULL,'2013-08-29 05:00:45',NULL,NULL,NULL,NULL),(56,'b97e5b73-110e-11e3-85a1-8c89a5',NULL,NULL,'ES',3224821259,NULL,NULL,'2013-08-29 04:18:45',NULL,NULL,NULL,NULL),(57,'b97e5c45-110e-11e3-85a1-8c89a5',NULL,NULL,'PK',3224821259,NULL,NULL,'2013-08-29 13:23:41',NULL,NULL,NULL,NULL),(58,'b97e5d0e-110e-11e3-85a1-8c89a5',NULL,NULL,NULL,3224821259,NULL,NULL,'2013-08-29 05:21:01',NULL,NULL,NULL,NULL),(59,'b97e5fa6-110e-11e3-85a1-8c89a5',NULL,NULL,'MX',3224821259,NULL,NULL,'2013-08-28 17:26:12',NULL,NULL,NULL,NULL),(60,'b97e60cd-110e-11e3-85a1-8c89a5',NULL,NULL,'CO',3224821259,NULL,NULL,'2013-08-29 13:33:25',NULL,NULL,NULL,NULL),(61,'b97e61c7-110e-11e3-85a1-8c89a5',NULL,NULL,'BR',3224821259,NULL,NULL,'2013-08-29 11:00:42',NULL,NULL,NULL,NULL),(62,'b97e6299-110e-11e3-85a1-8c89a5',NULL,NULL,'US',3224821259,NULL,NULL,'2013-08-28 17:28:43',NULL,NULL,NULL,NULL),(63,'b97e636f-110e-11e3-85a1-8c89a5',NULL,NULL,NULL,3224821259,NULL,NULL,'2013-08-28 20:47:02',NULL,NULL,NULL,NULL),(64,'b97e643c-110e-11e3-85a1-8c89a5',NULL,NULL,NULL,3224821259,NULL,NULL,'2013-08-29 10:21:11',NULL,NULL,NULL,NULL),(65,'b97e650e-110e-11e3-85a1-8c89a5',NULL,NULL,'PK',3224821259,NULL,NULL,'2013-08-29 12:43:39',NULL,NULL,NULL,NULL),(66,'b97e65df-110e-11e3-85a1-8c89a5',NULL,NULL,'US',3224821259,NULL,NULL,'2013-08-29 11:40:12',NULL,NULL,NULL,NULL),(67,'b97e66b1-110e-11e3-85a1-8c89a5',NULL,NULL,'GR',3224821259,NULL,NULL,'2013-08-28 23:15:35',NULL,NULL,NULL,NULL),(68,'b97e6768-110e-11e3-85a1-8c89a5',NULL,NULL,'US',3224821259,NULL,NULL,'2013-08-28 19:56:07',NULL,NULL,NULL,NULL),(69,'b97e6816-110e-11e3-85a1-8c89a5',NULL,NULL,'US',3224821259,NULL,NULL,'2013-08-29 16:32:41',NULL,NULL,NULL,NULL),(70,'b97e68c9-110e-11e3-85a1-8c89a5',NULL,NULL,'US',3224821259,NULL,NULL,'2013-08-29 18:27:14',NULL,NULL,NULL,NULL),(71,'b97e697b-110e-11e3-85a1-8c89a5',NULL,NULL,NULL,3224821259,NULL,NULL,'2013-08-28 17:56:56',NULL,NULL,NULL,NULL),(72,'b97e6a32-110e-11e3-85a1-8c89a5',NULL,NULL,'US',3224821259,NULL,1,'2013-08-29 04:35:12',NULL,NULL,NULL,NULL),(73,'b97e6ae0-110e-11e3-85a1-8c89a5',NULL,NULL,NULL,3224821259,NULL,NULL,'2013-08-29 20:10:40',NULL,NULL,NULL,NULL),(74,'b97e6b8e-110e-11e3-85a1-8c89a5',NULL,NULL,'ES',3224821259,NULL,NULL,'2013-08-29 10:39:56',NULL,NULL,NULL,NULL),(75,'b97e6c41-110e-11e3-85a1-8c89a5',NULL,NULL,NULL,3224821259,NULL,NULL,'2013-08-28 23:39:51',NULL,NULL,NULL,NULL),(76,'b97e6cef-110e-11e3-85a1-8c89a5',NULL,NULL,'US',3224821259,NULL,NULL,'2013-08-29 00:58:18',NULL,NULL,NULL,NULL),(77,'b97e6da1-110e-11e3-85a1-8c89a5',NULL,NULL,'PK',3224821259,NULL,NULL,'2013-08-29 12:44:09',NULL,NULL,NULL,NULL),(78,'b97e6e4f-110e-11e3-85a1-8c89a5',NULL,NULL,'GR',3224821259,NULL,NULL,'2013-08-29 12:04:39',NULL,NULL,NULL,NULL),(79,'b97e6efd-110e-11e3-85a1-8c89a5',NULL,NULL,'US',3224821259,NULL,NULL,'2013-08-29 01:16:17',NULL,NULL,NULL,NULL),(80,'b97e6fab-110e-11e3-85a1-8c89a5',NULL,NULL,'DK',3224821259,NULL,1,'2013-08-29 04:46:21',NULL,NULL,NULL,NULL),(81,'b97e7070-110e-11e3-85a1-8c89a5',NULL,NULL,'CO',3224821259,NULL,NULL,'2013-08-28 23:08:23',NULL,NULL,NULL,NULL),(82,'b97e711e-110e-11e3-85a1-8c89a5',NULL,NULL,'FR',3224821259,NULL,NULL,'2013-08-29 16:01:43',NULL,NULL,NULL,NULL),(83,'b97e71d0-110e-11e3-85a1-8c89a5',NULL,NULL,'DE',3224821259,NULL,NULL,'2013-08-29 06:15:38',NULL,NULL,NULL,NULL),(84,'b97e7287-110e-11e3-85a1-8c89a5',NULL,NULL,NULL,3224821259,NULL,NULL,'2013-08-29 17:51:51',NULL,NULL,NULL,NULL),(85,'b97e733a-110e-11e3-85a1-8c89a5',NULL,NULL,'IN',3224821259,NULL,NULL,'2013-08-28 18:04:30',NULL,NULL,NULL,NULL),(86,'b97e73ec-110e-11e3-85a1-8c89a5',NULL,NULL,'PE',3224821259,NULL,NULL,'2013-08-29 06:59:07',NULL,NULL,NULL,NULL),(87,'b97e749f-110e-11e3-85a1-8c89a5',NULL,NULL,'IN',3224821259,NULL,NULL,'2013-08-29 04:00:58',NULL,NULL,NULL,NULL),(88,'b97e754d-110e-11e3-85a1-8c89a5',NULL,NULL,NULL,3224821259,NULL,NULL,'2013-08-29 05:59:39',NULL,NULL,NULL,NULL),(89,'b97e75ff-110e-11e3-85a1-8c89a5',NULL,NULL,NULL,3224821259,NULL,NULL,'2013-08-28 21:00:52',NULL,NULL,NULL,NULL),(90,'b97e76ad-110e-11e3-85a1-8c89a5',NULL,NULL,NULL,3224821259,NULL,NULL,'2013-08-29 01:44:12',NULL,NULL,NULL,NULL),(91,'b97e775b-110e-11e3-85a1-8c89a5',NULL,NULL,NULL,3224821259,NULL,NULL,'2013-08-28 20:43:53',NULL,NULL,NULL,NULL),(92,'b97e780e-110e-11e3-85a1-8c89a5',NULL,NULL,NULL,3224821259,NULL,NULL,'2013-08-29 13:05:42',NULL,NULL,NULL,NULL),(93,'b97e78c0-110e-11e3-85a1-8c89a5',NULL,NULL,'GB',3224821259,NULL,0.75,'2013-08-28 22:49:01',NULL,NULL,NULL,NULL),(94,'b97e7973-110e-11e3-85a1-8c89a5',NULL,NULL,'MX',3224821259,NULL,NULL,'2013-08-29 17:13:31',NULL,NULL,NULL,NULL),(95,'b97e7a25-110e-11e3-85a1-8c89a5',NULL,NULL,'IN',3224821259,NULL,1,'2013-08-29 13:12:43',NULL,NULL,NULL,NULL),(96,'b97e7ae0-110e-11e3-85a1-8c89a5',NULL,NULL,'US',3224821259,NULL,NULL,'2013-08-28 17:28:31',NULL,NULL,NULL,NULL),(97,'b97e7b8e-110e-11e3-85a1-8c89a5',NULL,NULL,'PK',3224821259,NULL,1,'2013-08-29 17:56:37',NULL,NULL,NULL,NULL),(98,'b97e7c41-110e-11e3-85a1-8c89a5',NULL,NULL,NULL,3224821259,NULL,NULL,'2013-08-29 05:03:00',NULL,NULL,NULL,NULL),(99,'b97e7ceb-110e-11e3-85a1-8c89a5',NULL,NULL,NULL,3224821259,NULL,NULL,'2013-08-29 06:04:03',NULL,NULL,NULL,NULL),(100,'b97e7d9d-110e-11e3-85a1-8c89a5',NULL,NULL,NULL,3224821259,NULL,NULL,'2013-08-28 18:16:42',NULL,NULL,NULL,NULL),(101,'b97e7e4b-110e-11e3-85a1-8c89a5',NULL,NULL,NULL,3224821259,NULL,NULL,'2013-08-29 15:36:54',NULL,NULL,NULL,NULL),(102,'b97e7efe-110e-11e3-85a1-8c89a5',NULL,NULL,'CL',3224821259,NULL,NULL,'2013-08-29 18:46:35',NULL,NULL,NULL,NULL),(103,'b97e7fb0-110e-11e3-85a1-8c89a5',NULL,NULL,'BR',3224821259,NULL,NULL,'2013-08-28 22:21:01',NULL,NULL,NULL,NULL),(104,'b97e805a-110e-11e3-85a1-8c89a5',NULL,NULL,NULL,3224821259,NULL,NULL,'2013-08-28 21:50:52',NULL,NULL,NULL,NULL),(105,'b97e8111-110e-11e3-85a1-8c89a5',NULL,NULL,'FR',3224821259,NULL,NULL,'2013-08-29 01:03:26',NULL,NULL,NULL,NULL),(106,'b97e81ba-110e-11e3-85a1-8c89a5',NULL,NULL,NULL,3224821259,NULL,NULL,'2013-08-29 18:36:46',NULL,NULL,NULL,NULL),(107,'b97e8268-110e-11e3-85a1-8c89a5',NULL,NULL,'IN',3224821259,NULL,NULL,'2013-08-29 13:25:42',NULL,NULL,NULL,NULL),(108,'b97e8316-110e-11e3-85a1-8c89a5',NULL,NULL,'CA',3224821259,NULL,NULL,'2013-08-29 18:10:22',NULL,NULL,NULL,NULL),(109,'b97e83c9-110e-11e3-85a1-8c89a5',NULL,NULL,'US',3224821259,NULL,NULL,'2013-08-29 01:53:35',NULL,NULL,NULL,NULL),(110,'b97e847b-110e-11e3-85a1-8c89a5',NULL,NULL,'FI',3224821259,NULL,NULL,'2013-08-29 17:22:17',NULL,NULL,NULL,NULL),(111,'b97e8529-110e-11e3-85a1-8c89a5',NULL,NULL,NULL,3224821259,NULL,NULL,'2013-08-29 04:42:54',NULL,NULL,NULL,NULL),(112,'b97e85d7-110e-11e3-85a1-8c89a5',NULL,NULL,'US',3224821259,NULL,NULL,'2013-08-29 06:06:28',NULL,NULL,NULL,NULL),(113,'b97e8685-110e-11e3-85a1-8c89a5',NULL,NULL,'US',3224821259,NULL,NULL,'2013-08-28 19:29:08',NULL,NULL,NULL,NULL),(114,'b97e8752-110e-11e3-85a1-8c89a5',NULL,NULL,NULL,3224821259,NULL,NULL,'2013-08-28 17:45:06',NULL,NULL,NULL,NULL),(115,'b97e880e-110e-11e3-85a1-8c89a5',NULL,NULL,'US',3224821259,NULL,NULL,'2013-08-29 16:56:57',NULL,NULL,NULL,NULL),(116,'b97e88bc-110e-11e3-85a1-8c89a5',NULL,NULL,'GB',3224821259,NULL,NULL,'2013-08-28 23:14:57',NULL,NULL,NULL,NULL),(117,'b97e896a-110e-11e3-85a1-8c89a5',NULL,NULL,'PE',3224821259,NULL,NULL,'2013-08-29 07:49:25',NULL,NULL,NULL,NULL),(118,'b97e8a1c-110e-11e3-85a1-8c89a5',NULL,NULL,'BR',3224821259,NULL,NULL,'2013-08-29 20:27:46',NULL,NULL,NULL,NULL),(119,'b97e8acf-110e-11e3-85a1-8c89a5',NULL,NULL,'RO',3224821259,NULL,NULL,'2013-08-29 02:22:46',NULL,NULL,NULL,NULL),(120,'b97e8b81-110e-11e3-85a1-8c89a5',NULL,NULL,NULL,3224821259,NULL,NULL,'2013-08-29 12:56:03',NULL,NULL,NULL,NULL),(121,'b97e8c34-110e-11e3-85a1-8c89a5',NULL,NULL,'KR',3224821259,NULL,NULL,'2013-08-29 08:50:48',NULL,NULL,NULL,NULL),(122,'b97e8ce6-110e-11e3-85a1-8c89a5',NULL,NULL,'PT',3224821259,NULL,NULL,'2013-08-29 12:17:59',NULL,NULL,NULL,NULL),(123,'b97e8d99-110e-11e3-85a1-8c89a5',NULL,NULL,'IN',3224821259,NULL,NULL,'2013-08-29 14:03:03',NULL,NULL,NULL,NULL),(124,'b97e8e47-110e-11e3-85a1-8c89a5',NULL,NULL,'HU',3224821259,NULL,NULL,'2013-08-29 12:26:49',NULL,NULL,NULL,NULL),(125,'b97e8ef5-110e-11e3-85a1-8c89a5',NULL,NULL,'CO',3224821259,NULL,NULL,'2013-08-28 23:10:27',NULL,NULL,NULL,NULL),(126,'b97e8fa3-110e-11e3-85a1-8c89a5',NULL,NULL,'IN',3224821259,NULL,NULL,'2013-08-28 17:10:37',NULL,NULL,NULL,NULL),(127,'b97e9055-110e-11e3-85a1-8c89a5',NULL,NULL,NULL,3224821259,NULL,NULL,'2013-08-29 03:00:33',NULL,NULL,NULL,NULL),(128,'b97e9108-110e-11e3-85a1-8c89a5',NULL,NULL,'BR',3224821259,NULL,NULL,'2013-08-29 14:36:26',NULL,NULL,NULL,NULL),(129,'b97e91b1-110e-11e3-85a1-8c89a5',NULL,NULL,'BR',3224821259,NULL,NULL,'2013-08-29 15:19:23',NULL,NULL,NULL,NULL),(130,'b97e9260-110e-11e3-85a1-8c89a5',NULL,NULL,'VE',3224821259,NULL,NULL,'2013-08-29 11:53:05',NULL,NULL,NULL,NULL),(131,'b97e9312-110e-11e3-85a1-8c89a5',NULL,NULL,'PY',3224821259,NULL,NULL,'2013-08-29 20:19:26',NULL,NULL,NULL,NULL),(132,'b97e93c0-110e-11e3-85a1-8c89a5',NULL,NULL,'RU',3224821259,NULL,NULL,'2013-08-29 17:16:45',NULL,NULL,NULL,NULL),(133,'b97e947b-110e-11e3-85a1-8c89a5',NULL,NULL,'GB',3224821259,NULL,NULL,'2013-08-29 04:30:57',NULL,NULL,NULL,NULL),(134,'b97e9532-110e-11e3-85a1-8c89a5',NULL,NULL,'IN',3224821259,NULL,NULL,'2013-08-29 05:23:23',NULL,NULL,NULL,NULL),(135,'b97e95e0-110e-11e3-85a1-8c89a5',NULL,NULL,'IN',3224821259,NULL,NULL,'2013-08-29 20:16:13',NULL,NULL,NULL,NULL),(136,'b97e9693-110e-11e3-85a1-8c89a5',NULL,NULL,'OM',3224821259,NULL,NULL,'2013-08-29 08:43:06',NULL,NULL,NULL,NULL),(137,'b97e9741-110e-11e3-85a1-8c89a5',NULL,NULL,'US',3224821259,NULL,NULL,'2013-08-29 17:25:44',NULL,NULL,NULL,NULL),(138,'b97e97ef-110e-11e3-85a1-8c89a5',NULL,NULL,NULL,3224821259,NULL,NULL,'2013-08-29 12:18:10',NULL,NULL,NULL,NULL),(139,'b97e989d-110e-11e3-85a1-8c89a5',NULL,NULL,NULL,3224821259,NULL,NULL,'2013-08-29 16:05:51',NULL,NULL,NULL,NULL),(140,'b97e994f-110e-11e3-85a1-8c89a5',NULL,NULL,NULL,3224821259,NULL,NULL,'2013-08-28 18:53:36',NULL,NULL,NULL,NULL),(141,'b97e99f9-110e-11e3-85a1-8c89a5',NULL,NULL,NULL,3224821259,NULL,NULL,'2013-08-29 16:22:38',NULL,NULL,NULL,NULL),(142,'b97e9aac-110e-11e3-85a1-8c89a5',NULL,NULL,'US',3224821259,NULL,NULL,'2013-08-29 20:44:30',NULL,NULL,NULL,NULL),(143,'b97e9b5a-110e-11e3-85a1-8c89a5',NULL,NULL,'US',3224821259,NULL,NULL,'2013-08-29 05:53:25',NULL,NULL,NULL,NULL),(144,'b97e9c08-110e-11e3-85a1-8c89a5',NULL,NULL,NULL,3224821259,NULL,NULL,'2013-08-29 01:52:29',NULL,NULL,NULL,NULL),(145,'b97e9cba-110e-11e3-85a1-8c89a5',NULL,NULL,'TW',3224821259,NULL,NULL,'2013-08-28 22:34:17',NULL,NULL,NULL,NULL),(146,'b97e9d6d-110e-11e3-85a1-8c89a5',NULL,NULL,'US',3224821259,NULL,NULL,'2013-08-28 18:06:10',NULL,NULL,NULL,NULL),(147,'b97e9e1f-110e-11e3-85a1-8c89a5',NULL,NULL,'US',3224821259,NULL,NULL,'2013-08-29 09:26:52',NULL,NULL,NULL,NULL),(148,'b97e9ed2-110e-11e3-85a1-8c89a5',NULL,NULL,'GB',3224821259,NULL,NULL,'2013-08-29 16:14:37',NULL,NULL,NULL,NULL),(149,'b97e9f80-110e-11e3-85a1-8c89a5',NULL,NULL,'GB',3224821259,NULL,NULL,'2013-08-29 04:11:22',NULL,NULL,NULL,NULL),(150,'b97ea032-110e-11e3-85a1-8c89a5',NULL,NULL,'RU',3224821259,NULL,NULL,'2013-08-29 06:51:49',NULL,NULL,NULL,NULL),(151,'b97ea0e0-110e-11e3-85a1-8c89a5',NULL,NULL,'BR',3224821259,NULL,NULL,'2013-08-29 00:50:28',NULL,NULL,NULL,NULL),(152,'b97ea193-110e-11e3-85a1-8c89a5',NULL,NULL,'PK',3224821259,NULL,NULL,'2013-08-29 18:15:45',NULL,NULL,NULL,NULL),(153,'b97ea23c-110e-11e3-85a1-8c89a5',NULL,NULL,NULL,3224821259,NULL,NULL,'2013-08-29 12:19:31',NULL,NULL,NULL,NULL);
/*!40000 ALTER TABLE `users` ENABLE KEYS */;
UNLOCK TABLES;
/*!40103 SET TIME_ZONE=@OLD_TIME_ZONE */;

/*!40101 SET SQL_MODE=@OLD_SQL_MODE */;
/*!40014 SET FOREIGN_KEY_CHECKS=@OLD_FOREIGN_KEY_CHECKS */;
/*!40014 SET UNIQUE_CHECKS=@OLD_UNIQUE_CHECKS */;
/*!40101 SET CHARACTER_SET_CLIENT=@OLD_CHARACTER_SET_CLIENT */;
/*!40101 SET CHARACTER_SET_RESULTS=@OLD_CHARACTER_SET_RESULTS */;
/*!40101 SET COLLATION_CONNECTION=@OLD_COLLATION_CONNECTION */;
/*!40111 SET SQL_NOTES=@OLD_SQL_NOTES */;

-- Dump completed on 2013-08-29 20:56:58
